,cn,en,zh,jp,,,"<#F9423A></color>
<#2DCCD3></color>"
,zh-cn,en,zh-tw,jp,,,
,中文繁体,English,中文繁體,,,,
test1,测试字串,,測試字串,,,,
,,,,,,,
DownloadProgressKB,Download Progress: {0}KB/{1}KB,,檔案更新中: {0}KB/{1}KB,,,,
DownloadProgressMB,Download Progress: {0}MB/{1}MB,,檔案更新中: {0}MB/{1}MB,,,,
SceneLoadProgress,Loading Progress: {0:P2},,場景加載中: {0:P2},,,,
,,,,,,,
ChangeDatePopup_title,Date changed,,日期變更,,,,
ChangeDatePopup_Desc,The date has changed，please log in again.,,日期已變更，請重新登入。,,,,
DoubleLoginPopup_title,Repeat login,,重複登入,,,,
DoubleLoginPopup_Desc,Account is already logged in another device and will be returned to homepage,,偵測到帳號已在其他裝置登入，將返回主頁。,,,,
LoginError_WrongPassword,Incorrect password，please try again,,登入密碼錯誤，請重新嘗試。,,,,
,,,,,,,
#Common,,,,,,,
#Button,,,,,,,
btn_confirm,Confirm,Confirm,確認,確認,,,
btn_cancel,Cancel,Cancel,取消,キャンセル,,,
btn_go,Go,Go,前往,向かう,,,
btn_ok,Ok,OK,確認,確認,,,
btn_close,Close,Close,關閉,閉じる,,,
btn_next,Continue,Continue,繼續,続く,,,
btn_giveup,Give up,,放棄,,,,
btn_check,Check,,查看,,,,
btn_challenge,Challenge,,挑戰,,,,
btn_start_challenge,Start Challenge,,開始挑戰,,,,
btn_add_friend,Add Friend,,添加好友,,,,
btn_support,Support,,助戰,,,,
btn_invite,Invite,,邀請,,,,
btn_join,Join,,加入,,,,
btn_reject,Reject,,拒絕,,,,
btn_apply,Apply,,申請,,,,
btn_accept,Accept,,接受,,,,
btn_create_guild,Create Guild,,創建公會,,,,
btn_claim,Claim,,領取,,,,
btn_distribute,Distribute,,發放,,,,
btn_activate,Activate,,啟動,,,,
btn_unlock,Unlock,,解鎖,,,,
btn_monsterGodUpgrade,Breakthrough,,突破,,,,
btn_monsterGodEvolve,Breakthrough,,突破,,,,
btn_recruit,Invite,,邀請,,,,
btn_upgrade,Upgrade buildings,,升級建築,,,,
btn_completed,Achieved,,已達成,,,,
,,,,,,,
commonpopup_reward,Congratulations on getting,,恭喜獲得,,,,
CommonPopup_PreviewReward,Chest rewards,,寶箱獎勵,,,,
CommonDescriptionPopupTitle,Explanation,,說明,,,,
CommonMultiDescriptionPopupTitle,Explanation,,說明,,,,
CommonMultiDescriptionPopupRuleTab,Rule description,,規則說明,,,,
CommonMultiDescriptionPopupRewardTab,Reward description,,獎勵說明,,,,
PopupCloseOnClick,Click anywhere to continue,,點擊任意位置繼續遊戲,,,,
PopupNoRemindToday,Do not remind me today,,本次登入不再跳出此提示,,,,
InstuctionPopupTitle,Explanation,,說明,,,,
,,,,,,,
system_function_locked,Locked,,未開放,,,,
ComingSoon,Stay tuned,,敬請期待,,,,
,,,,,,,
SocketReconnectLoading,Reconnecting,,重新連接中,,,,
,,,,,,,
#Time (Utility),,,,,,,
Days,Day,,日,,,,
Days_short,Day,,日,,,,
Days_ago,{0} days ago,,{0} 日前,,,,
Hours,Hours,,時,,,,
Hours_short,Hours,,時,,,,
Hours_ago,{0} hours ago,,{0} 小時前,,,,
Minutes,Minutes,,分,,,,
Minutes_short,Minutes,,分,,,,
Minutes_ago,{0} minutes ago,,{0} 分鐘前,,,,
LessThanOneMin,Less than one min,,少於1分鐘,,,,
Seconds_short,Seconds,,秒,,,,
Seconds_ago,{0} seconds ago,,{0} 秒前,,,,
Just_now,Just now,,剛剛,,,,
alert_coming,Opening soon,,即將開放,,,,
Year_month_day,{0:yyyy-MM-dd},,{0:yyyy-MM-dd},,,,
Status_Online,Online,,在線,,,,
SystemMaintenanceAlert,Stay tuned,,系統維修中,,,,
,,,,,,,
#,,,,,,,
cash_short_cut_1,K,K,K,K,,,
cash_short_cut_2,M,M,M,M,,,
cash_short_cut_3,B,B,B,B,,,
,,,,,,,
NoPowerLimit,None,,無,,,,
PowerUnit_1,10k,,萬,,,,
PowerUnit_2,10kk,,千萬,,,,
PowerUnit_3,100kk,,億,,,,
,,,,,,,
#BattleAttribute,,,,,,,
NONE,None,,無,,,,
HP,Hp,,生命,,,,
ATK,Atk,,攻擊,,,,
PHY_DEF,PDef,,物防,,,,
MAG_DEF,MDef,,魔防,,,,
EVA_RATE,Eva,,閃避率,,,,
CRIT_RATE,C.Rate,,暴擊率,,,,
CRIT_DMG,C.Damage,,暴擊傷害,,,,
CRIT_RES_RATE,C.Resist,,抗暴率,,,,
RES,Resist,,減傷,,,,
ACC,Accuracy,,命中率,,,,
PHY_MAG_DEF,Defense,,防禦,,,,
DMG_RES,Dmg Resist,,傷害減免,,,,
ARM_PEN,Weapon Pen,,無視防禦,,,,
DMR_REF_RATE,Def rate,,反傷率,,,,
SP_INCR,<size=12>SP value increased</size>,,基礎聖靈值增加,,,,
EVA_RES_RATE,Debuff Eva,,減益閃避率,,,,
SP_DECR_EVA_RATE,<size=12>SP value decreased</size>,,聖靈下降閃避率,,,,
HP_STEAL,Life steal,,Vampire率,,,,
KILL_SP_REGEN,SP steal,,擊殺回復聖靈值,,,,
ATK_INCR_RATE,Increased Dmg,,傷害增加,,,,
DMG_DECR_RATE,Damage reduction,,傷害減免,,,,
DMG_INCR_RATE,Increased Dmg,,傷害增加,,,,
HIT_RATE,Hit rate,,命中率,,,,
CRIT_RES_RATE,C.Resist rate,,抗暴率,,,,
CRIT_RATE,Crit Rate,,暴擊率,,,,
,,,,,,,
,,,,,,,
,,,,,,,
MG_ATK,Beast god attack,,獸神攻擊,,,,
MG_CRIT_RATE,Beast God critical hit rate,,獸神暴擊率,,,,
MG_CRIT,Beast God critical hit rate,,獸神暴擊率,,,,
MG_CRIT_DMG,Beast God critical hit damage rate,,獸神暴擊傷害率,,,,
MG_CRIT_RATE,Beast God critical hit rate,,獸神暴擊率,,,,
MG_CRIT_DMG,Beast God critical hit damage rate,,獸神暴擊傷害率,,,,
MG_RES,Beast God Damage Reduction,,獸神減傷,,,,
MG_DMG_RES,Beast God Damage Reduction,,獸神減傷,,,,
MG_DMGR,Beast God increases damage,,獸神增傷,,,,
MG_DMG_INC,Beast God increases damage,,獸神增傷,,,,
MG_ATK_RATE,Beast God's attack power percentage,,獸神攻擊力百分比,,,,
,,,,,,,
THEBES_SUPPRESS,Thebesque restraint,,Thebes剋制,,,,
OLYMPUS_SUPPRESS,Olympus restraint,,奧林匹斯剋制,,,,
OCEAN_SUPPRESS,Ocean restraint,,Ocean剋制,,,,
UNDERWORLD_SUPPRESS,Underworld restraint,,Underworld剋制,,,,
THEBES_RESIST,Thebes resist,,ThebesResistance,,,,
OLYMPUS_RESIST,Olympus resist,,奧林匹斯Resistance,,,,
OCEAN_RESIST,Ocean resist,,OceanResistance,,,,
UNDERWORLD_RESIST,Underworld resist,,UnderworldResistance,,,,
,,,,,,,
abbr_HP,Hp,,生命,,,,
abbr_ATK,Atk,,攻擊,,,,
abbr_PHY_DEF,PDef,,物防,,,,
abbr_MAG_DEF,MDef,,魔防,,,,
abbr_EVA_RATE,Eva,,閃避,,,,
abbr_CRIT_RATE,C.Rate,,暴擊,,,,
abbr_CRIT_RES_RATE,C.Damage,,抗暴,,,,
abbr_RES,Resist,,減傷,,,,
abbr_ACC,Accuracy,,命中,,,,
abbr_HIT_RATE,Hit rate,,命中,,,,
abbr_PHY_MAG_DEF,防御,,防禦,,,,
abbr_DMG_INCR_RATE,Dmg Multiplier,,增傷,,,,
abbr_DMG_DECR_RATE,Dmg Reduction,,減傷,,,,
,,,,,,,
,,,,,,,
,,,,,,,
abbr_TM_ATK,Atk,,攻擊,,,,
abbr_TM_PHY_DEF,PDef,,物防,,,,
abbr_TM_HP,Hp,,生命,,,,
abbr_TM_MAG_DEF,MDef,,魔防,,,,
,,,,,,,
TM_ATK,Enter the Star God Attack,,上陣星神攻擊,,,,
TM_PHY_DEF,Entering into battle to defend against star gods,,上陣星神物防,,,,
TM_HP,Battle for Star God Life,,上陣星神生命,,,,
TM_MAG_DEF,Enter the Star God Demon Defense,,上陣星神魔防,,,,
,,,,,,,
,,,,,,,
abbr_THEBES_SUPPRESS,Thebes Restraint,,Thebes剋制,,,,
abbr_OLYMPUS_SUPPRESS,Olympus Restraint,,奧林匹斯剋制,,,,
abbr_OCEAN_SUPPRESS,Ocean Restraint,,Ocean剋制,,,,
abbr_UNDERWORLD_SUPPRESS,Underworld Restraint,,Underworld剋制,,,,
abbr_THEBES_RESIST,Thebes Resistance,,ThebesResistance,,,,
abbr_OLYMPUS_RESIST,Olympus Resistance,,奧林匹斯Resistance,,,,
abbr_OCEAN_RESIST,Ocean Resistance,,OceanResistance,,,,
abbr_UNDERWORLD_RESIST,Underworld Resistance,,UnderworldResistance,,,,
,,,,,,,
DownloadAssetErrorPopupTitle,Error,,錯誤,,,,
DownloadAssetErrorPopupContent,Download failed,,下載失敗,,,,
,,,,,,,
#MainPage,,,,,,,
MainPageItemBackpackButton,Bag,Bag,背包,,,,
MainPageFormationButton,Team,Formation,隊伍,,,,
MainPageSupportButton,Support,Support,指揮中心,,,,
MainPageSummonButton,<size=18>Summon</size>,Summon,召喚,,,,
MainPageQuestButton,Quests,Quests,任務,,,,
MainPageStoreButton,Store,Store,商城,,,,
MainPageEventButton,Event,Event,活動,,,,
MainPageEventCell_NewbieQuestEvent,Newbie Mission,,新手活動,,,,
MainPageEventCell_TriggerStore,Limited Store,,限時禮包,,,,
MainPageEventCell_LimitedGacha,Limited Gatcha,,星魂召喚,,,,
MainPageEventCell_FestivalEvent,Moon night celebration,,月夜慶典,,,,
MainPageEventCell_UREvent,Hero Journey,,星神征途,,,,
MainPageGuildButton,Guild,Guild,公會,,,,
MainPageAreaButton,Area,Area,獸神,,,,
MainPageSecretaryButton,Apostle,,使徒,,,,
MainPageAuctionNotice,Auction,,拍賣中,,,,
MainPageGuildUnlockAlert,Guild unlocked after level 26,,到達26級後解鎖公會,,,,
MainPageRaidPageUnlockAlert,Raid unlocked after level 26,,到達26級後解鎖互動,,,,
MainPagePvpEntryPageUnlockAlert,PvP unlocked after clearing Chapter 8,,通關第8章後解鎖競技,,,,
MainPageCompaignUnlockAlert,Expedition unlocked after clearing Chapter 4,,通關第4章後解鎖遠征,,,,
,,,,,,,
MainPageChangeHeroPage_changeBtn,Change,Change,星神轉換,,,,
MainPageChangeHeroPage_adjustBtn,Adjust,Adjust,調整,,,,
,,,,,,,
MainPageZoomAdjust_tips,Drag to adjust zoom,,拖拉星神可調整位置,,,,
MainPageZoomAdjust_reset,Reset,,重整,,,,
MainPageZoomAdjust_confirm,Confirm,,確定,,,,
MainPageZoomAdjust_min,Min,,Min,,,,
MainPageZoomAdjust_max,Max,,Max,,,,
MainPageSelectHeroPopup_title,Convert,,轉換,,,,
MainPageSelectHeroPopup_inuse,Using,,使用中,,,,
MainPageSelectHeroPopup_confirm,Confirm,,確定,,,,
MainPageSelectHeroPopup_Hero,Hero,,星神,,,,
MainPageSelectHeroPopup_MonsterGod,Monster God,,獸神,,,,
MainPageSelectHeroPopup_Alert_HeroLocked,MainPageSelectHeroPopup_Alert_HeroLocked,,MainPageSelectHeroPopup_Alert_HeroLocked,,,,
,,,,,,,
#PlayerSetting,,,,,,,
PlayerSetting_Popup_title,Set up,,設定,,,,
PlayerSetting_Popup_Notification,Push Notification,,推送通知,,,,
PlayerSetting_Popup_Notification_FreeLunch,Free daily stamina,,每日免費體力,,,,
PlayerSetting_Popup_Notification_Newbie,Seven-day reward,,新手七天獎勵,,,,
PlayerSetting_Popup_bgm,Music,,音樂,,,,
PlayerSetting_Popup_sfx,Sound effects,,效果音,,,,
PlayerSetting_Popup_Noticeutton,Auction,,公告,,,,
PlayerSetting_Popup_cancel,Cancel,,取消,,,,
PlayerSetting_Popup_confirm,Confirm,,確定,,,,
,,,,,,,
#Item,,,,,,,
ItemUsePopup_title,,,,,,,
resources_own_amount,Owned : <#00BBBB>{0}</color>,Own Amount : {0},擁有數量 : <#00BBBB>{0}</color>,,,,
resources_amount,Resource ammount : {0},Amount : {0},物品數量 : {0},,,,
resources_own_text,Quantity Owned : ,Own Amount : ,擁有數量 : ,,,,
,,,,,,,
,,,,,,,
#backpack page,,,,,,,
itembackpack_page_title,Backpack,Backpack,背包,,,,
itembackpack_side_menu_item,Item,Item,道具,,,,
itembackpack_side_menu_materials,Materials,Materials,材料,,,,
itembackpack_side_menu_soul,Soul,Soul,星魂,,,,
itembackpack_side_menu_souvenir,Souvenir,Souvenir,其他,,,,
itembackpack_btn_source,Source,Source,來源,,,,
itembackpack_btn_use,Use,Use,使用,,,,
,,,,,,,
#treasure box popup,,,,,,,
treasure_box_title,Select Reward,Select Reward,選擇獎勵,,,,
treasure_box_confirm_title,Hint,,提示,,,,
treasure_box_confirm_text,Chose what to obtain<#1166CC>{0}</color>个<#1166CC>{1}</color>?,,是否選擇獲得<#1166CC>{0}</color>個<#1166CC>{1}</color>?,,,,
treasure_box_shard_amount_format,({0}/{1}),,({0}/{1}),,,,
treasure_box_shard_max_format,(Have:{0}),,(擁有:{0}),,,,
,,,,,,,
,,,,,,,
#item use popup,,,,,,,
item_use_popup_title,Use Item,Use Item,一鍵使用,,,,
item_use_popup_cost_title,Item Cost,item_use_popup_cost_title,使用物品,,,,
,,,,,,,
#item source popup,,,,,,,
item_source_popup_title,Item Source,Item Source,獲取途徑,,,,
item_source_popup_no_item_text,No item source,No item source,暫時未開放任何獲取途徑,,,,
CommonRedirectPopupTitle,Item Source,Item Source,獲取途徑,,,,
#AssetSource #Redirect,,,,,,,
RedirectSource_go,Go to,,前往,,,,
RedirectSource_not_available,Not available,,未開放,,,,
RedirectSource_system_Shop,Exchange store,,兌換商店,,,,
RedirectSource_desc_Shop,Redeem at exchange store,,兌換商店兌換,,,,
RedirectSource_system_Mainline,Main line,,主線,,,,
RedirectSource_desc_Mainline,Obtained by clearing the main story,,通關主線獲得,,,,
RedirectSource_system_Auction,Exchange,,交易所,,,,
RedirectSource_desc_Auction,Obtained on the exchange,,在交易所獲得,,,,
RedirectSource_system_Tower,River Styx Exploration,,冥河探索,,,,
RedirectSource_desc_Tower,Obtained by exploring River Styx,,在冥河探索獲得,,,,
RedirectSource_system_Maze,Zodiac Sign,,十二星宮,,,,
RedirectSource_desc_Maze,Obtained in the Zodiac,,在十二星宮獲得,,,,
RedirectSource_system_Quest,Achievement,,成就,,,,
RedirectSource_desc_Quest,Obtained by completing achievement tasks,,完成成就任務獲得,,,,
RedirectSource_system_LocalArena,Arena,,鬥技場,,,,
RedirectSource_desc_LocalArena,Obtained in the Arena,,在鬥技場獲得,,,,
RedirectSource_system_DatingEvent,Event store,,活動商店,,,,
RedirectSource_desc_DatingEvent,Purchase in the event store,,在活動商店內購買,,,,
,,,,,,,
,,,,,,,
#common_itemName,,,,,,,
common_itemName_GOLD,Gold,Gold,金幣,,,,
common_itemName_GEM,Sun Shine Stone,Sun Shine Stone,日冕石,,,,
common_itemName_User_Exp,User Exp,User Exp,玩家經驗,,,,
common_itemName_REAL_MONEY,,,,,,,
,,,,,,,
item_usable_level_alert,Can be used after level reaches {0},,等級到達{0}後可以使用,,,,
,,,,,,,
#common_itemDesc,,,,,,,
common_itemDesc_GOLD,Currency in circulation in the world.,,世界上流通的貨幣。,,,,
common_itemDesc_GEM,Extremely scarce resources.,,極之稀少的資源。,,,,
common_itemDesc_HERO_SHARD,"Fragments of the Hero, collect the specified number to get the Hero",,"星神的碎片 ,收集指定數量即可得到該星神",,,,
common_itemDesc_REAL_MONEY,,,,,,,
,,,,,,,
,,,,,,,
,,,,,,,
#item_name,,,,,,,
item_name_1001001,Star Key,,星之鑰,,,,
item_name_1001002,Heart Key,,心之鑰,,,,
item_name_1001003,Key of the Sun,,日之鑰,,,,
item_name_1001004,Key of the Moon,,月之鑰,,,,
item_name_1001005,,,,,,,
item_name_1001006,,,,,,,
item_name_1001010,Soul Key,,魂之鑰,,,,
item_name_10010101,Soul Key,,魂之鑰,,,,
item_name_10010102,Soul Key,,魂之鑰,,,,
item_name_1002001,Primary Star Origin,,初級星源,,,,
item_name_1002002,Intermediate Star Origin,,中級星源,,,,
item_name_1002003,Advanced Star Origin,,高級星源,,,,
item_name_1002004,Super Star Origin,,超級星源,,,,
item_name_1002005,,,,,,,
item_name_1002006,,,,,,,
item_name_1002007,,,,,,,
item_name_1002008,,,,,,,
item_name_1002009,,,,,,,
item_name_1002010,,,,,,,
item_name_1002011,,,,,,,
item_name_1002012,,,,,,,
item_name_1002013,Junior experience seal,,初級經驗印,,,,
item_name_1002014,Intermediate experience seal,,中級經驗印,,,,
item_name_1002015,Senior experience seal,,高級經驗印,,,,
item_name_1002016,Super experience seal,,超級經驗印,,,,
item_name_1002017,Simulated battle data,,模擬戰數據,,,,
item_name_1002018,Overload stabilizer,,超載安定劑,,,,
item_name_1002020,Butterfly puff pastry,,蝴蝶酥,,,,
item_name_1002021,Nail polish,,指甲油,,,,
item_name_1002022,Cocktail,,雞尾酒,,,,
item_name_1002023,Hairpin,,髮夾,,,,
item_name_1002024,Kadarana,,卡達拉娜,,,,
item_name_1002025,Foundation,,粉底,,,,
item_name_1002026,Wine,,紅酒,,,,
item_name_1002027,Earrings,,耳環,,,,
item_name_1002028,Apple batch,,蘋果批,,,,
item_name_1002029,Lipstick,,唇膏,,,,
item_name_1002030,Champagne,,香檳,,,,
item_name_1002031,Pearl necklace,,珍珠項鏈,,,,
item_name_1002032,Mixed Fruit Cake,,雜果蛋糕,,,,
item_name_1002033,Perfume,,香水,,,,
item_name_1002034,Whisky,,威士忌,,,,
item_name_1002035,Diamond crown,,鑽石王冠,,,,
item_name_1003001,Heroic Spirit Residual Crystal,,英靈残晶,,,,
item_name_1003002,Photo engraving stone,,光刻石,,,,
item_name_1003003,,,,,,,
item_name_1003004,Special information,,特選情報,,,,
item_name_1003005,Star compass,,星之羅盤,,,,
item_name_1003006,Evil crystal,,破邪結晶,,,,
item_name_1003007,,,,,,,
item_name_1003008,Hammer of Awakening,,覺醒之槌,,,,
item_name_1003009,,,,,,,
item_name_1003010,,,,,,,
item_name_1003011,Certificate of Special Trial,,特級試煉之證,,,,
item_name_1003012,Proof of Super Trial,,超級試煉之證,,,,
item_name_1003013,Certificate of Advanced Trial,,高級試煉之證,,,,
item_name_1003014,Certificate of Intermediate Trial,,中級試煉之證,,,,
item_name_1003015,Certificate of primary trial,,初級試煉之證,,,,
item_name_1003016,life enhancement chip,,生命強化晶片,,,,
item_name_1003017,Defense Enhancement Chip,,防禦強化晶片,,,,
item_name_1003018,Attack Enhancement Chip,,攻擊強化晶片,,,,
item_name_1003019,Update command,,更新指令,,,,
item_name_1003020,,,,,,,
item_name_1003021,,,,,,,
item_name_1003022,Immaculate Flower,,無垢之花,,,,
item_name_1004001,Nutrient solution,,營養液,,,,
item_name_1004002,Energizer,,增靈劑,,,,
item_name_1004003,,,,,,,
item_name_1005001,Spirit stone,,神氣石,,,,
item_name_1005002,Golden fleece,,金羊毛,,,,
item_name_1005003,Stardust,,星塵,,,,
item_name_1005004,Guild Coin,,公會幣,,,,
item_name_1005005,Fighter coin,,鬥士幣,,,,
item_name_1005006,Ares Coin,,戰神幣,,,,
item_name_1005008,Galaxy Voucher,,銀河劵,,,,
item_name_1006001,The reality of wisdom I,,智慧之實 I,,,,
item_name_1006002,Hero's Crown I,,Hero's Crown I,,,,
item_name_1006003,cup of dreams I,,夢現之杯 I,,,,
item_name_1006004,Feather of Power I,,Feather of Power I,,,,
item_name_1006005,The reality of wisdom II,,智慧之實 II,,,,
item_name_1006006,Hero's Crown II,,Hero's Crown II,,,,
item_name_1006007,Cup of dreams II,,夢現之杯 II,,,,
item_name_1006008,Feather of Power II,,Feather of Power II,,,,
item_name_1006009,The reality of wisdom III,,智慧之實 III,,,,
item_name_1006010,Hero's Crown III,,Hero's Crown III,,,,
item_name_1006011,Cup of dreams III,,夢現之杯 III,,,,
item_name_1006012,Feather of Power III,,Feather of Power III,,,,
item_name_1006013,The reality of wisdom IV,,智慧之實 IV,,,,
item_name_1006014,Hero's Crown IV,,Hero's Crown IV,,,,
item_name_1006015,Cup of dreams IV,,夢現之杯 IV,,,,
item_name_1006016,Feather of Power IV,,Feather of Power IV,,,,
item_name_1006017,The reality of wisdom V,,智慧之實 V,,,,
item_name_1006018,Hero's Crown V,,Hero's Crown V,,,,
item_name_1006019,Cup of dreams V,,夢現之杯 V,,,,
item_name_1006020,Feather of Power V,,Feather of Power V,,,,
item_name_1006021,The reality of wisdom VI,,智慧之實 VI,,,,
item_name_1006022,Hero's Crown VI,,Hero's Crown VI,,,,
item_name_1006023,Cup of dreams VI,,夢現之杯 VI,,,,
item_name_1006024,Feather of Power VI,,Feather of Power VI,,,,
item_name_1006025,The reality of wisdom VII,,智慧之實 VII,,,,
item_name_1006026,Hero's Crown VII,,Hero's Crown VII,,,,
item_name_1006027,Cup of dreams VII,,夢現之杯 VII,,,,
item_name_1006028,Feather of Power VII,,Feather of Power VII,,,,
item_name_1006029,The reality of wisdom VIII,,智慧之實 VIII,,,,
item_name_1006030,Hero's Crown VIII,,Hero's Crown VIII,,,,
item_name_1006031,Cup of dreams VIII,,夢現之杯 VIII,,,,
item_name_1006032,Feather of Power VIII,,Feather of Power VIII,,,,
item_name_1006033,The reality of wisdom IX,,智慧之實 IX,,,,
item_name_1006034,Hero's Crown IX,,Hero's Crown IX,,,,
item_name_1006035,Cup of dreams IX,,夢現之杯 IX,,,,
item_name_1006036,Feather of Power IX,,Feather of Power IX,,,,
item_name_1006037,The reality of wisdom X,,智慧之實 X,,,,
item_name_1006038,Hero's Crown X,,Hero's Crown X,,,,
item_name_1006039,Cup of dreams X,,夢現之杯 X,,,,
item_name_1006040,Feather of Power X,,Feather of Power X,,,,
item_name_1006041,The reality of wisdom XI,,智慧之實 XI,,,,
item_name_1006042,Hero's Crown XI,,Hero's Crown XI,,,,
item_name_1006043,Cup of dreams XI,,夢現之杯 XI,,,,
item_name_1006044,Feather of Power XI,,Feather of Power XI,,,,
item_name_1006045,The reality of wisdom XII,,智慧之實 XII,,,,
item_name_1006046,Hero's Crown XII,,Hero's Crown XII,,,,
item_name_1006047,Cup of dreams XII,,夢現之杯 XII,,,,
item_name_1006048,Feather of Power XII,,Feather of Power XII,,,,
item_name_1006049,The reality of wisdom XIII,,智慧之實 XIII,,,,
item_name_1006050,Hero's Crown XIII,,Hero's Crown XIII,,,,
item_name_1006051,Cup of dreams XIII,,夢現之杯 XIII,,,,
item_name_1006052,Feather of Power XIII,,Feather of Power XIII,,,,
item_name_1006053,The reality of wisdom XIV,,智慧之實 XIV,,,,
item_name_1006054,Hero's Crown XIV,,Hero's Crown XIV,,,,
item_name_1006055,Cup of dreams XIV,,夢現之杯 XIV,,,,
item_name_1006056,Feather of Power XIV,,Feather of Power XIV,,,,
item_name_1006057,The reality of wisdom XV,,智慧之實 XV,,,,
item_name_1006058,Hero's Crown XV,,Hero's Crown XV,,,,
item_name_1006059,Cup of dreams XV,,夢現之杯 XV,,,,
item_name_1006060,Feather of Power XV,,Feather of Power XV,,,,
item_name_1006061,The reality of wisdom XVI,,智慧之實 XVI,,,,
item_name_1006062,Hero's Crown XVI,,Hero's Crown XVI,,,,
item_name_1006063,Cup of dreams XVI,,夢現之杯 XVI,,,,
item_name_1006064,Feather of Power XVI,,Feather of Power XVI,,,,
item_name_1006065,The reality of wisdom XVII,,智慧之實 XVII,,,,
item_name_1006066,Hero's Crown XVII,,Hero's Crown XVII,,,,
item_name_1006067,Cup of dreams XVII,,夢現之杯 XVII,,,,
item_name_1006068,Feather of Power XVII,,Feather of Power XVII,,,,
item_name_1006069,The reality of wisdom XVIII,,智慧之實 XVIII,,,,
item_name_1006070,Hero's Crown XVIII,,Hero's Crown XVIII,,,,
item_name_1006071,Cup of dreams XVIII,,夢現之杯 XVIII,,,,
item_name_1006072,Feather of Power XVIII,,Feather of Power XVIII,,,,
item_name_1006073,The reality of wisdom XIX,,智慧之實 XIX,,,,
item_name_1006074,Hero's Crown XIX,,Hero's Crown XIX,,,,
item_name_1006075,Cup of dreams XIX,,夢現之杯 XIX,,,,
item_name_1006076,Feather of Power XIX,,Feather of Power XIX,,,,
item_name_1006077,The reality of wisdom XX,,智慧之實 XX,,,,
item_name_1006078,Hero's Crown XX,,Hero's Crown XX,,,,
item_name_1006079,Cup of dreams XX,,夢現之杯 XX,,,,
item_name_1006080,Feather of Power XX,, -,,,,
,,,,,,,
item_name_1007001,,,,,,,
item_name_1007002,,,,,,,
item_name_1007003,,,,,,,
item_name_1007004,,,,,,,
item_name_1007005,Certificate of establishment
,,建會證,,,,
item_name_1007006,Interaction point,,互動點,,,,
item_name_1007007,Memory feather,,回憶羽毛,,,,
item_name_1007008,Telescope,,望遠鏡,,,,
item_name_1007009,Telescope,,望遠鏡,,,,
item_name_1007010,Telescope,,望遠鏡,,,,
item_name_1007011,Moon cake,,月餅,,,,
item_name_1007012,Erotic factor,,情慾因子,,,,
item_name_1007013,Reinforced parts,,強化零件,,,,
item_name_1008001,,,,,,,
item_name_1008002,,,,,,,
item_name_1008003,,,,,,,
item_name_1008004,,,,,,,
item_name_1091101,Star soul．Apollo,,Star soul．Apollo,,,,
item_name_1091102,Star soul．Hercules,,Star soul．Hercules,,,,
item_name_1091103,Star soul．Athena,,Star soul．Athena,,,,
item_name_1091104,Star soul．Moana,,Star soul．Moana,,,,
item_name_1091105,Star soul．Hestia,,Star soul．Hestia,,,,
item_name_1091106,Star soul．Bell,,Star soul．Bell,,,,
item_name_1091107,Star soul．Hermes,,Star soul．Hermes,,,,
item_name_1091201,Star soul．Artemis,,Star soul．Artemis,,,,
item_name_1091202,Star soul．Lipa,,Star soul．Lipa,,,,
item_name_1091203,Star soul．Aoife,,Star soul．奧菲,,,,
item_name_1091204,Star soul．Pais,,Star soul．派絲,,,,
item_name_1091205,Star soul．Demeter,,Star soul．Demeter,,,,
item_name_1091206,Star soul．Areka,,Star soul．Areka,,,,
item_name_1091207,Star soul．Bisky,,Star soul．Bisky,,,,
item_name_1091208,Star soul．Stella,,Star soul．Stella,,,,
item_name_1091209,Star soul．Eldani,,Star soul．艾爾妲妮,,,,
item_name_1091210,Star soul．Sabi,,Star soul．Sabi,,,,
item_name_1091301,Star soul．Duff,,Star soul．Duff,,,,
item_name_1091302,Star soul．Orian,,Star soul．奧莉安,,,,
item_name_1091303,Star soul．Kelis,,Star soul．凱莉絲,,,,
item_name_1091304,Star soul．Ahippus,,Star soul．亞希彼斯,,,,
item_name_1091305,Star soul．Lu Ge,,Star soul．Lu Ge,,,,
item_name_1091401,Star soul．Perseus,,Star soul．Perseus,,,,
item_name_1091402,Star soul．Hypnos,,Star soul．修普諾斯,,,,
item_name_1091403,Star soul．Persephone,,Star soul．Persephone,,,,
item_name_1091404,Star soul．Jenna,,Star soul．Jenna,,,,
item_name_1091405,Star soul．Anrumeda,,Star soul．安露美達,,,,
item_name_1091406,Star soul．Mamsha,,Star soul．瑪姆莎,,,,
item_name_2001001,,,,,,,
item_name_2001002,Random SSR Hero,,隨機SSR星神,,,,
item_name_2001003,Random SR Hero,,隨機SR星神,,,,
item_name_2001004,Random R Hero,,隨機R星神,,,,
item_name_2001005,,,,,,,
item_name_2001006,,,,,,,
item_name_2001007,,,,,,,
item_name_2001008,Random SSR Star Soul,,隨機SSR星魂,,,,
item_name_2001009,Random SR Star Soul,,隨機SR星魂,,,,
item_name_2001010,Random R Star Soul,,隨機R星魂,,,,
item_name_2001011,5 Star random battle circuit,,5星隨機戰鬥迴路,,,,
item_name_2001012,4 Star random battle circuit,,4星隨機戰鬥迴路,,,,
item_name_2001013,3 Star random battle circuit,,3星隨機戰鬥迴路,,,,
item_name_2001014,2 Star random battle circuit,,2星隨機戰鬥迴路,,,,
item_name_2001015,1 Star random battle circuit,,1星隨機戰鬥迴路,,,,
item_name_2001016,N Gift random box,,N禮物隨機箱,,,,
item_name_2001017,R Gift random box,,R禮物隨機箱,,,,
item_name_2001018,SR Gift random box,,SR禮物隨機箱,,,,
item_name_2001019,SSR Gift random box,,SSR禮物隨機箱,,,,
item_name_2001020,Relationship Level 1 Random Gift Box,,關係等級1隨機禮物盒,,,,
item_name_2001021,Relationship Level 2 Random Gift Box,,關係等級2隨機禮物盒,,,,
item_name_2001022,Relationship Level 3 Random Gift Box,,關係等級3隨機禮物盒,,,,
item_name_2001023,Relationship Level 4 Random Gift Box,,關係等級4隨機禮物盒,,,,
item_name_2001024,Random Gift Box,,隨機禮物盒,,,,
item_name_2001025,Lantern,,燈籠,,,,
,,,,,,,
item_name_2001901,Level 25 growth supply box,,25級成長補給箱,,,,
item_name_2001902,Level 30 growth supply box,,30級成長補給箱,,,,
item_name_2001903,Level 35 growth supply box,,35級成長補給箱,,,,
item_name_2001904,Level 40 growth supply box,,40級成長補給箱,,,,
item_name_2001905,Level 45 growth supply box,,45級成長補給箱,,,,
item_name_2001906,Level 50 growth supply box,,50級成長補給箱,,,,
item_name_2001907,Level 60 growth supply box,,60級成長補給箱,,,,
item_name_2001908,Level 70 growth supply box,,70級成長補給箱,,,,
item_name_2001909,Level 80 growth supply box,,80級成長補給箱,,,,
item_name_2001910,Raw Crown Stone 1,,日冕石的原石1,,,,
item_name_2001911,Raw Crown Stone 2,,日冕石的原石2,,,,
item_name_2001912,Raw Crown Stone 3,,日冕石的原石3,,,,
item_name_2001913,Raw Crown Stone 4,,日冕石的原石4,,,,
item_name_2001914,Raw Crown Stone 5,,日冕石的原石5,,,,
item_name_2001915,Raw Crown Stone 6,,日冕石的原石6,,,,
item_name_2001916,Raw Crown Stone 7,,日冕石的原石7,,,,
item_name_2001917,Raw Crown Stone 8,,日冕石的原石8,,,,
item_name_2001918,Raw Crown Stone 9,,日冕石的原石9,,,,
item_name_2001919,Raw Crown Stone 10,,日冕石的原石10,,,,
item_name_2001920,Main Mysterious Treasure ‧ President’s Reward,,主神秘寶 ‧ 會長獎勵,,,,
item_name_2001921,Main Mystery Treasure ‧ Member Rewards,,主神秘寶 ‧ 成員獎勵,,,,
item_name_2001922,Star Mysterious Treasure ‧ President’s Reward,,星神秘寶 ‧ 會長獎勵,,,,
item_name_2001923,Star Mysterious Treasure ‧ Member Rewards,,星神秘寶 ‧ 成員獎勵,,,,
item_name_2001924,Hero Secret Treasure ‧ President’s Reward,,英雄秘寶 ‧ 會長獎勵,,,,
item_name_2001925,Level 90 growth supply box,,90級成長補給箱,,,,
item_name_2001926,Level 100 growth supply box,,100級成長補給箱,,,,
item_name_2001927,Level 110 growth supply box,,110級成長補給箱,,,,
item_name_2001928,Level 120 growth supply box,,120級成長補給箱,,,,
,,,,,,,
item_name_2002001,,,,,,,
item_name_2002002,Initial SSR Beast God optional,,初始SSR獸神任選,,,,
item_name_2002003,Initial SR Beast God optional,,初始SR獸神任選,,,,
item_name_2002004,Initial SSR beast god fragments optional,,初始SSR獸神碎片任選,,,,
item_name_2002005,Initial SR beast god fragment optional,,初始SR獸神碎片任選,,,,
item_name_2002006,Initial SSR Hero optional,,初始SSR星神任選,,,,
item_name_2002007,Initial SR Hero optional,,初始SR星神任選,,,,
item_name_2002008,Initial R Hero optional,,初始R星神任選,,,,
item_name_2002009,Initial SSR Hero Fragment,,初始SSR星神碎片,,,,
item_name_2002010,Initial SR Hero Fragment,,初始SR星神碎片,,,,
item_name_2002011,Initial R Hero Fragment,,初始R星神碎片,,,,
item_name_2002012,SSR Star Soul Optional,,SSR星魂任選,,,,
item_name_2002013,SR star soul optional,,SR星魂任選,,,,
item_name_2002014,R star soul optional,,R星魂任選,,,,
item_name_2002015,Optional beast god strengthening chip,,獸神強化晶片任選,,,,
item_name_2002016,Material selection box,,材料自選箱,,,,
item_name_2002017,3-star battle circuit optional,,3星戰鬥迴路任選,,,,
item_name_2002018,4-star battle circuit optional,,4星戰鬥迴路任選,,,,
item_name_2002019,5-star battle circuit optional,,5星戰鬥迴路任選,,,,
item_name_2002020,N Gift box of your choice,,N禮物自選箱,,,,
item_name_2002021,R Gift box of your choice,,R禮物自選箱,,,,
item_name_2002022,SR Gift box of your choice,,SR禮物自選箱,,,,
item_name_2002023,SSR Gift box of your choice,,SSR禮物自選箱,,,,
item_name_2002024,Relationship Level 1 gift select box,,關係等級1自選禮物盒,,,,
item_name_2002025,Relationship Level 2 gift select box,,關係等級2自選禮物盒,,,,
item_name_2002026,Relationship Level 3 gift select box,,關係等級3自選禮物盒,,,,
item_name_2002027,Relationship Level 4 gift select box,,關係等級4自選禮物盒,,,,
item_name_2002028,Gift select box,,自選禮物盒,,,,
item_name_2002029,Equipped with lithography optional,,裝備光刻任選,,,,
item_name_2002030,,,,,,,
item_name_2002031,Resource package,,資源自選包,,,,
item_name_2002032,,,,,,,
item_name_2002033,Optional initial beast god fragments,,初始獸神碎片任選,,,,
item_name_2002034,Rewards for clearing the main story Hero,,通關主線星神獎勵,,,,
item_name_2002035,S1 Hero Fragments Optional,,S1星神碎片任選,,,,
,,,,,,,
item_name_hero_shard,{0} fragments,,{0}碎片,,,,
,,,,,,,
god_shard_name_2001,Sphinx,,斯芬克斯,,,,
god_shard_name_2002,Hydra,,海德拉,,,,
god_shard_name_2003,Jormungandr,,耶夢加得,,,,
god_shard_name_2004,Cerberus,,刻耳柏洛斯,,,,
,,,,,,,
#item_desc,,,,,,,
item_desc_1001001,A mysterious key with the power to change destiny，which can be used to summon the Hero.,,擁有改變命運的力量的神秘鑰匙，使用後可召喚星神。,,,,
item_desc_1001002,The Star Key， which is affected by the power of Lilim's mind， can summon the designated Hero after use.,,受莉莉姆的心意之力影響的星之鑰，使用後可召喚指定星神。,,,,
item_desc_1001003,It has the mysterious key to summon the glorious power of Journey. After using it， you can summon the Hero of Journey and receive prop rewards.,,擁有召喚征途光耀力量的神秘鑰匙，使用後可召喚征途星神與道具獎勵。,,,,
item_desc_1001004,It has the mysterious key to summon the power of Zhengtu Yueye. After using it， you can summon the Zhengtu Hero and prop rewards with limited probability.,,擁有召喚征途月夜力量的神秘鑰匙，使用後可召喚限時概率的征途星神與道具獎勵。,,,,
item_desc_1001005,,,,,,,
item_desc_1001006,,,,,,,
item_desc_1001010,A precious key with the power to summon souls， which can be used to summon star souls.,,擁有喚魂力量的珍貴鑰匙，使用後可召喚星魂。,,,,
item_desc_10010101,A precious key with the power to summon souls， which can be used to summon star souls.,,擁有喚魂力量的珍貴鑰匙，使用後可召喚星魂。,,,,
item_desc_10010102,A precious key with the power to summon souls， which can be used to summon star souls.,,擁有喚魂力量的珍貴鑰匙，使用後可召喚星魂。,,,,
item_desc_1002001,"The orb containing a small amount of star source can provide the star god with 100 experience points.。
",,"蘊藏著少量星源的寶珠，可以為星神提供100點經驗值。
",,,,
item_desc_1002002,Orbs containing ordinary star sources can provide the Star God with 500 experience points.,,蘊藏著一般星源的寶珠，可以為星神提供500點經驗值。,,,,
item_desc_1002003,There are many star-source orbs that can provide the Star God with 2500 experience points.,,蘊藏著不少星源的寶珠，可以為星神提供2500點經驗值。,,,,
item_desc_1002004,The orbs containing a large number of star sources can provide the Star God with 10000 experience points.,,蘊藏著大量星源的寶珠，可以為星神提供10000點經驗值。,,,,
item_desc_1002005,,,,,,,
item_desc_1002006,,,,,,,
item_desc_1002007,,,,,,,
item_desc_1002008,,,,,,,
item_desc_1002009,,,,,,,
item_desc_1002010,,,,,,,
item_desc_1002011,,,,,,,
item_desc_1002012,,,,,,,
item_desc_1002013,After use， the combat circuit can be increased by 50 experience points.,,使用後可以提升戰鬥迴路50點經驗值。,,,,
item_desc_1002014,After use， the combat circuit can be increased by 200 experience points.,,使用後可以提升戰鬥迴路200點經驗值。,,,,
item_desc_1002015,After use， the combat circuit can be increased by 1000 experience points.,,使用後可以提升戰鬥迴路1000點經驗值。,,,,
item_desc_1002016,After use， the combat circuit can be increased by 5000 experience points.,,使用後可以提升戰鬥迴路5000點經驗值。,,,,
item_desc_1002017,A memory card that stores simulated battle data and is used to strengthen the main god card.,,儲存了模擬戰數據的記憶卡，用於主神卡強化。,,,,
item_desc_1002018,Specially purified water from the River Styx is used to overload the device.,,經過特殊淨化的冥河河水，用於裝置超載。,,,,
item_desc_1002019,,,,,,,
item_desc_1002020,Ordinary gifts can be given to apostles to increase their loyalty.,,普通的禮物，可以贈送給使徒，提升忠誠度。,,,,
item_desc_1002021,Rare gifts can be given to apostles to increase their loyalty.,,稀有的禮物，可以贈送給使徒，提升忠誠度。,,,,
item_desc_1002022,High-level gifts can be given to apostles to increase their loyalty.,,高級的禮物，可以贈送給使徒，提升忠誠度。,,,,
item_desc_1002023,Expensive gifts can be given to apostles to increase their loyalty.,,貴重的禮物，可以贈送給使徒，提升忠誠度。,,,,
item_desc_1002024,Use it on a hero with Relationship Level 2 to increase your favorability after using it.,,可用於關係等級2的使徒，使用後增加點好感度。,,,,
item_desc_1002025,Use it on a hero with Relationship Level 2 to increase your favorability after using it.,,可用於關係等級2的使徒，使用後增加點好感度。,,,,
item_desc_1002026,Use it on a hero with Relationship Level 2 to increase your favorability after using it.,,可用於關係等級2的使徒，使用後增加點好感度。,,,,
item_desc_1002027,Use it on a hero with Relationship Level 2 to increase your favorability after using it.,,可用於關係等級2的使徒，使用後增加點好感度。,,,,
item_desc_1002028,Use it on a hero with Relationship Level 3 to increase your favorability after using it.,,可用於關係等級3的使徒，使用後增加點好感度。,,,,
item_desc_1002029,Use it on a hero with Relationship Level 3 to increase your favorability after using it.,,可用於關係等級3的使徒，使用後增加點好感度。,,,,
item_desc_1002030,Use it on a hero with Relationship Level 3 to increase your favorability after using it.,,可用於關係等級3的使徒，使用後增加點好感度。,,,,
item_desc_1002031,Use it on a hero with Relationship Level 3 to increase your favorability after using it.,,可用於關係等級3的使徒，使用後增加點好感度。,,,,
item_desc_1002032,Use it on a hero with Relationship Level 4 to increase your favorability after using it.,,可用於關係等級4的使徒，使用後增加點好感度。,,,,
item_desc_1002033,Use it on a hero with Relationship Level 4 to increase your favorability after using it.,,可用於關係等級4的使徒，使用後增加點好感度。,,,,
item_desc_1002034,Use it on a hero with Relationship Level 4 to increase your favorability after using it.,,可用於關係等級4的使徒，使用後增加點好感度。,,,,
item_desc_1002035,Use it on a hero with Relationship Level 4 to increase your favorability after using it.,,可用於關係等級4的使徒，使用後增加點好感度。,,,,
,,,,,,,
item_desc_1003001,A special crystal formed by the minerals in the Styx bed absorbing the soul remnants left by the heroic spirits who crossed the river and sublimating them over many years. Use it on a hero with 36 Level enabled equipment lithography。,,冥河河床的礦物吸収渡河的英靈所遺留的靈魂殘滓後，經長年累月所昇華而成的特殊結晶，可用於36級開啟的裝備光刻。,,,,
item_desc_1003002,Rare crystals that are only exposed during the photolithography process are necessary for photolithography equipment，Use it on a hero with 36 Level-enabled equipment photolithography upgrade。,,只會在光刻的過程中表露本體的稀有晶石，是裝備光刻的必需品，可用於36級開啟的裝備光刻升階。,,,,
item_desc_1003003,,,,,,,
item_desc_1003004,Key intelligence identified from massive simulated battle data，Use it on a hero with 提升主神卡星级。,,從海量的模擬戰數據中查明的關鍵情報，可用於提升主神卡星級。,,,,
item_desc_1003005,The compass that is said to be able to guide the user towards the most ideal future is used to awaken the Star God UR and stimulate the Star God's potential.,,傳說中能夠引導使用者邁向最理想的未來的羅盤，用於星神UR覺醒，激發星神潛能。,,,,
item_desc_1003006,Born by gathering the power of many star souls，it contains the crystallization of the power to destroy evil.，Use it on a hero with 50 Star hourglass activated at level 1，used when awakening the star gathering skill。,,通過集結眾多星魂之力而誕生，蘊含著破邪之力的結晶，可用於50級開啟的星之沙漏，覺醒集星技能時使用。,,,,
item_desc_1003007,,,,,,,
item_desc_1003008,The mallet contains mysterious power，which can stimulate the potential energy in the equipment and is used to awaken the equipment opened at level 70.,,蘊含神秘力量的槌，可以激發裝備內的潛在能量，用於70級開啟的裝備覺醒。,,,,
item_desc_1003009,,,,,,,
item_desc_1003010,,,,,,,
item_desc_1003011,Proof of passing the Special Trial of the Gods is used to upgrade the godhood to [Level 3 Holy God] and [Level 1 Super God] and subsequent godhood.,,通過眾神特級試煉的證明，用於將神格升至【三級聖神】與【一級超神】及後續神格。,,,,
item_desc_1003012,The proof of passing the Super Trial of the Gods is used to upgrade the godhood to [Level 1 Holy God] and [Level 2 Holy God].,,通過眾神超級試煉的證明，用於將神格升至【一級聖神】與【二級聖神】。,,,,
item_desc_1003013,Proof of passing the advanced trials of the gods is used to upgrade the godhood to [Level 3 God] and [Level 4 God].,,通過眾神高級試煉的證明，用於將神格升至【三級神】與【四級神】。,,,,
item_desc_1003014,Proof of passing the Intermediate Trial of the Gods is used to upgrade the godhood to [First Level God] and [Second Level God].,,通過眾神中級試煉的證明，用於將神格升至【一級神】與【二級神】。,,,,
item_desc_1003015,The proof of passing the primary trials of the gods is used to upgrade the godhood to [demigod] and [trainee god].,,通過眾神初級試煉的證明，用於將神格升至【半神】與【見習神】。,,,,
item_desc_1003016,Life enhancement chips can be used to strengthen the beast gods and improve the attributes of all star gods.,,生命強化晶片，可用於強化獸神，提升全體星神屬性。,,,,
item_desc_1003017,Defense enhancement chips can be used to strengthen the Beast God and improve the attributes of all Star Gods.,,防禦強化晶片，可用於強化獸神，提升全體星神屬性。,,,,
item_desc_1003018,Attack enhancement chips can be used to strengthen the Beast God and improve the attributes of all Star Gods.,,攻擊強化晶片，可用於強化獸神，提升全體星神屬性。,,,,
item_desc_1003019,A special instruction used to increase the level of the beast god's contract pattern.,,用於提升獸神的契約紋等級的特殊指令。,,,,
item_desc_1003020,,,,,,,
item_desc_1003021,,,,,,,
item_desc_1003022,A rare flower that grows somewhere in the divine realm， symbolizing pure and flawless love. Used to unlock the image of the Star God.,,長於神界某處的稀少花朵，象徵純潔無瑕的愛。用於解鎖星神形象。,,,,
,,,,,,,
item_desc_1004001,The nutrient solution specially prepared by the God of Medicine can increase the character's physical strength by 50 points after use.,,醫神特製營養液，使用後增加角色50點體力。,,,,
item_desc_1004002,A special spirit-enhancing agent made by the God of Medicine， which increases the character's spiritual power by 10 points after use.,,醫神特製增靈劑，使用後增加角色10點靈力。,,,,
,,,,,,,
item_desc_1005001,A magical crystal that contains the power of the Styx's protection and rests on the bed of the Styx.,,蘊藏著冥河加護的力量，長眠於冥河河床的神奇晶石。,,,,
item_desc_1005002,Can be used to exchange for Star God appearance.,,可以用於兌換星神造型。,,,,
item_desc_1005003,It can be used in the Star Soul Store to exchange for Star Soul.,,可以用於星魂商店兌換星魂。,,,,
item_desc_1005004,Can be used to redeem goods in the guild store.,,可以用於公會商店兌換商品。,,,,
item_desc_1005005,Can be used to exchange for goods in the exchange store.,,可以用於競技商店兌換商品。,,,,
item_desc_1005006,Can be used to exchange for goods in the exchange store.,,可以用於兌換商店兌換商品。,,,,
item_desc_1005008,It can be used to exchange for goods in the Galaxy Store. After the store closes， each item will be recycled with 40 Sunstones.,,可以用於銀河商店兌換商品，商店關閉後每個以40日冕石回收。,,,,
item_desc_1006001,Level I wisdom is used to advance to the Star God level. Legend has it that it can provide the user with the wisdom to win battles.,,I級智慧之實，用於星神進階。傳說中能夠為使用者提供打勝仗的叡智。,,,,
item_desc_1006002,Level I Hero's Crown is used for star god advancement. Legend has it that it can give the user the courage to face powerful enemies.,,I級Hero's Crown，用於星神進階。傳說中能夠為使用者帶來面對強敵的勇氣。,,,,
item_desc_1006003,Level I Cup of dreams is used for star god advancement. Legend has it that it can fulfill any wish of the user,,I級夢現之杯，用於星神進階。傳說中能夠實現使用者任何願望的聖杯。,,,,
item_desc_1006004,Level I Feather of Power is used for star god advancement. Legend has it that it can provide the user with the power to protect the things they hold dear.,,I級Feather of Power，用於星神進階。傳說中能夠為使用者提供守護珍視之物的力量。,,,,
item_desc_1006005,Level II The reality of wisdom is used for star god advancement. Legend has it that it can provide the user with the wisdom to win battles.,,II級智慧之實，用於星神進階。傳說中能夠為使用者提供打勝仗的叡智。,,,,
item_desc_1006006,Level II Hero's Crown is used for star god advancement. Legend has it that it can bring the user the courage to face powerful enemies.,,II級Hero's Crown，用於星神進階。傳說中能夠為使用者帶來面對強敵的勇氣。,,,,
item_desc_1006007,Level II Dream Cup is used for star god advancement. The Holy Grail is said to be able to grant any wish of the user.,,II級夢現之杯，用於星神進階。傳說中能夠實現使用者任何願望的聖杯。,,,,
item_desc_1006008,Level II Feather of Power is used for star god advancement. Legend has it that it can provide the user with the power to protect the things they hold dear.,,II級Feather of Power，用於星神進階。傳說中能夠為使用者提供守護珍視之物的力量。,,,,
item_desc_1006009,Level III The reality of wisdom is used for star god advancement. Legend has it that it can provide the user with the wisdom to win battles.,,III級智慧之實，用於星神進階。傳說中能夠為使用者提供打勝仗的叡智。,,,,
item_desc_1006010,Level III Hero's Crown is used for star god advancement. Legend has it that it can bring the user the courage to face powerful enemies.,,III級Hero's Crown，用於星神進階。傳說中能夠為使用者帶來面對強敵的勇氣。,,,,
item_desc_1006011,Level III Cup of dreams is used for star god advancement. The Holy Grail is said to be able to grant any wish of the user.,,III級夢現之杯，用於星神進階。傳說中能夠實現使用者任何願望的聖杯。,,,,
item_desc_1006012,Level III Feather of Power is used for star god advancement. Legend has it that it can provide the user with the power to protect the things they hold dear.,,III級Feather of Power，用於星神進階。傳說中能夠為使用者提供守護珍視之物的力量。,,,,
item_desc_1006013,Level IV The reality of wisdom is used for star god advancement. Legend has it that it can provide the user with the wisdom to win battles.,,IV級智慧之實，用於星神進階。傳說中能夠為使用者提供打勝仗的叡智。,,,,
item_desc_1006014,Level IV Hero's Crown is used for star god advancement. Legend has it that it can bring the user the courage to face powerful enemies.,,IV級Hero's Crown，用於星神進階。傳說中能夠為使用者帶來面對強敵的勇氣。,,,,
item_desc_1006015,Level IV Cup of dreams is used for star god advancement. The Holy Grail is said to be able to grant any wish of the user.,,IV級夢現之杯，用於星神進階。傳說中能夠實現使用者任何願望的聖杯。,,,,
item_desc_1006016,Level IV Feather of Power is used for star god advancement. Legend has it that it can provide the user with the power to protect the things they hold dear.,,IV級Feather of Power，用於星神進階。傳說中能夠為使用者提供守護珍視之物的力量。,,,,
item_desc_1006017,Level V The reality of wisdom is used for star god advancement. Legend has it that it can provide the user with the wisdom to win battles.,,V級智慧之實，用於星神進階。傳說中能夠為使用者提供打勝仗的叡智。,,,,
item_desc_1006018,Level V Hero's Crown is used for star god advancement. Legend has it that it can bring the user the courage to face powerful enemies.,,V級Hero's Crown，用於星神進階。傳說中能夠為使用者帶來面對強敵的勇氣。,,,,
item_desc_1006019,Level V Cup of dreams， is used for star god advancement. The Holy Grail is said to be able to grant any wish of the user.,,V級夢現之杯，用於星神進階。傳說中能夠實現使用者任何願望的聖杯。,,,,
item_desc_1006020,Level V Feather of Power is used for star god advancement. Legend has it that it can provide the user with the power to protect the things they hold dear.,,V級Feather of Power，用於星神進階。傳說中能夠為使用者提供守護珍視之物的力量。,,,,
item_desc_1006021,VI级The reality of wisdom， is used for star god advancement. Legend has it that it can provide the user with the wisdom to win battles.,,VI級智慧之實，用於星神進階。傳說中能夠為使用者提供打勝仗的叡智。,,,,
item_desc_1006022,VI级Hero's Crown， is used for star god advancement. Legend has it that it can bring the user the courage to face powerful enemies.,,VI級Hero's Crown，用於星神進階。傳說中能夠為使用者帶來面對強敵的勇氣。,,,,
item_desc_1006023,Level V Cup of dreams， is used for star god advancement. The Holy Grail is said to be able to grant any wish of the user.,,VI級夢現之杯，用於星神進階。傳說中能夠實現使用者任何願望的聖杯。,,,,
item_desc_1006024,Level VI Feather of Power， is used for star god advancement. Legend has it that it can provide the user with the power to protect the things they hold dear.,,VI級Feather of Power，用於星神進階。傳說中能夠為使用者提供守護珍視之物的力量。,,,,
item_desc_1006025,Level VII The reality of wisdom， is used for star god advancement. Legend has it that it can provide the user with the wisdom to win battles.,,VII級智慧之實，用於星神進階。傳說中能夠為使用者提供打勝仗的叡智。,,,,
item_desc_1006026,Level VII Hero's Crown， is used for star god advancement. Legend has it that it can bring the user the courage to face powerful enemies.,,VII級Hero's Crown，用於星神進階。傳說中能夠為使用者帶來面對強敵的勇氣。,,,,
item_desc_1006027,Level VII Cup of dreams， is used for star god advancement. The Holy Grail is said to be able to grant any wish of the user.,,VII級夢現之杯，用於星神進階。傳說中能夠實現使用者任何願望的聖杯。,,,,
item_desc_1006028,Level VII Feather of Power， is used for star god advancement. Legend has it that it can provide the user with the power to protect the things they hold dear.,,VII級Feather of Power，用於星神進階。傳說中能夠為使用者提供守護珍視之物的力量。,,,,
item_desc_1006029,Level VIII The reality of wisdom， is used for star god advancement. Legend has it that it can provide the user with the wisdom to win battles.,,VIII級智慧之實，用於星神進階。傳說中能夠為使用者提供打勝仗的叡智。,,,,
item_desc_1006030,Level VIII Hero's Crown， is used for star god advancement. Legend has it that it can bring the user the courage to face powerful enemies.,,VIII級Hero's Crown，用於星神進階。傳說中能夠為使用者帶來面對強敵的勇氣。,,,,
item_desc_1006031,Level VIII Cup of dreams， is used for star god advancement. The Holy Grail is said to be able to grant any wish of the user.,,VIII級夢現之杯，用於星神進階。傳說中能夠實現使用者任何願望的聖杯。,,,,
item_desc_1006032,Level VIII Feather of Power， is used for star god advancement. Legend has it that it can provide the user with the power to protect the things they hold dear.,,VIII級Feather of Power，用於星神進階。傳說中能夠為使用者提供守護珍視之物的力量。,,,,
item_desc_1006033,Level IX The reality of wisdom， is used for star god advancement. Legend has it that it can provide the user with the wisdom to win battles.,,IX級智慧之實，用於星神進階。傳說中能夠為使用者提供打勝仗的叡智。,,,,
item_desc_1006034,Level IX Hero's Crown， is used for star god advancement. Legend has it that it can bring the user the courage to face powerful enemies.,,IX級Hero's Crown，用於星神進階。傳說中能夠為使用者帶來面對強敵的勇氣。,,,,
item_desc_1006035,Level IX Cup of dreams， is used for star god advancement. The Holy Grail is said to be able to grant any wish of the user.,,IX級夢現之杯，用於星神進階。傳說中能夠實現使用者任何願望的聖杯。,,,,
item_desc_1006036,Level IX Feather of Power， is used for star god advancement. Legend has it that it can provide the user with the power to protect the things they hold dear.,,IX級Feather of Power，用於星神進階。傳說中能夠為使用者提供守護珍視之物的力量。,,,,
item_desc_1006037,Level X The reality of wisdom， is used for star god advancement. Legend has it that it can provide the user with the wisdom to win battles.,,X級智慧之實，用於星神進階。傳說中能夠為使用者提供打勝仗的叡智。,,,,
item_desc_1006038,Level X Hero's Crown， is used for star god advancement. Legend has it that it can bring the user the courage to face powerful enemies.,,X級Hero's Crown，用於星神進階。傳說中能夠為使用者帶來面對強敵的勇氣。,,,,
item_desc_1006039,Level X Cup of dreams， is used for star god advancement. The Holy Grail is said to be able to grant any wish of the user.,,X級夢現之杯，用於星神進階。傳說中能夠實現使用者任何願望的聖杯。,,,,
item_desc_1006040,Level X Feather of Power， is used for star god advancement. Legend has it that it can provide the user with the power to protect the things they hold dear.,,X級Feather of Power，用於星神進階。傳說中能夠為使用者提供守護珍視之物的力量。,,,,
item_desc_1006041,Level XI The reality of wisdom， is used for star god advancement. Legend has it that it can provide the user with the wisdom to win battles.,,XI級智慧之實，用於星神進階。傳說中能夠為使用者提供打勝仗的叡智。,,,,
item_desc_1006042,Level XI Hero's Crown， is used for star god advancement. Legend has it that it can bring the user the courage to face powerful enemies.,,XI級Hero's Crown，用於星神進階。傳說中能夠為使用者帶來面對強敵的勇氣。,,,,
item_desc_1006043,Level XI Cup of dreams， is used for star god advancement. The Holy Grail is said to be able to grant any wish of the user.,,XI級夢現之杯，用於星神進階。傳說中能夠實現使用者任何願望的聖杯。,,,,
item_desc_1006044,Level XI Feather of Power， is used for star god advancement. Legend has it that it can provide the user with the power to protect the things they hold dear.,,XI級Feather of Power，用於星神進階。傳說中能夠為使用者提供守護珍視之物的力量。,,,,
item_desc_1006045,Level XII The reality of wisdom， is used for star god advancement. Legend has it that it can provide the user with the wisdom to win battles.,,XII級智慧之實，用於星神進階。傳說中能夠為使用者提供打勝仗的叡智。,,,,
item_desc_1006046,Level XII Hero's Crown， is used for star god advancement. Legend has it that it can bring the user the courage to face powerful enemies.,,XII級Hero's Crown，用於星神進階。傳說中能夠為使用者帶來面對強敵的勇氣。,,,,
item_desc_1006047,Level XII Cup of dreams， is used for star god advancement. The Holy Grail is said to be able to grant any wish of the user.,,XII級夢現之杯，用於星神進階。傳說中能夠實現使用者任何願望的聖杯。,,,,
item_desc_1006048,Level XII Feather of Power， is used for star god advancement. Legend has it that it can provide the user with the power to protect the things they hold dear.,,XII級Feather of Power，用於星神進階。傳說中能夠為使用者提供守護珍視之物的力量。,,,,
item_desc_1006049,Level XIII The reality of wisdom， is used for star god advancement. Legend has it that it can provide the user with the wisdom to win battles.,,XIII級智慧之實，用於星神進階。傳說中能夠為使用者提供打勝仗的叡智。,,,,
item_desc_1006050,Level XIII Hero's Crown， is used for star god advancement. Legend has it that it can bring the user the courage to face powerful enemies.,,XIII級Hero's Crown，用於星神進階。傳說中能夠為使用者帶來面對強敵的勇氣。,,,,
item_desc_1006051,Level XIII Cup of dreams， is used for star god advancement. The Holy Grail is said to be able to grant any wish of the user.,,XIII級夢現之杯，用於星神進階。傳說中能夠實現使用者任何願望的聖杯。,,,,
item_desc_1006052,Level XIII Feather of Power， is used for star god advancement. Legend has it that it can provide the user with the power to protect the things they hold dear.,,XIII級Feather of Power，用於星神進階。傳說中能夠為使用者提供守護珍視之物的力量。,,,,
item_desc_1006053,Level XIV The reality of wisdom， is used for star god advancement. Legend has it that it can provide the user with the wisdom to win battles.,,XIV級智慧之實，用於星神進階。傳說中能夠為使用者提供打勝仗的叡智。,,,,
item_desc_1006054,Level XIV Hero's Crown， is used for star god advancement. Legend has it that it can bring the user the courage to face powerful enemies.,,XIV級Hero's Crown，用於星神進階。傳說中能夠為使用者帶來面對強敵的勇氣。,,,,
item_desc_1006055,Level XIV Cup of dreams， is used for star god advancement. The Holy Grail is said to be able to grant any wish of the user.,,XIV級夢現之杯，用於星神進階。傳說中能夠實現使用者任何願望的聖杯。,,,,
item_desc_1006056,Level XIV Feather of Power is used for star god advancement. Legend has it that it can provide the user with the power to protect the things they hold dear.,,XIV級Feather of Power，用於星神進階。傳說中能夠為使用者提供守護珍視之物的力量。,,,,
item_desc_1006057,Level XV The reality of wisdom， is used for star god advancement. Legend has it that it can provide the user with the wisdom to win battles.,,XV級智慧之實，用於星神進階。傳說中能夠為使用者提供打勝仗的叡智。,,,,
item_desc_1006058,Level XV Hero's Crown， is used for star god advancement. Legend has it that it can bring the user the courage to face powerful enemies.,,XV級Hero's Crown，用於星神進階。傳說中能夠為使用者帶來面對強敵的勇氣。,,,,
item_desc_1006059,Level XV Cup of dreams， is used for star god advancement. The Holy Grail is said to be able to grant any wish of the user.,,XV級夢現之杯，用於星神進階。傳說中能夠實現使用者任何願望的聖杯。,,,,
item_desc_1006060,Level XV Feather of Power is used for star god advancement. Legend has it that it can provide the user with the power to protect the things they hold dear.,,XV級Feather of Power，用於星神進階。傳說中能夠為使用者提供守護珍視之物的力量。,,,,
item_desc_1006061,Level XVI The reality of wisdom， is used for star god advancement. Legend has it that it can provide the user with the wisdom to win battles.,,XVI級智慧之實，用於星神進階。傳說中能夠為使用者提供打勝仗的叡智。,,,,
item_desc_1006062,Level XVI Hero's Crown， is used for star god advancement. Legend has it that it can bring the user the courage to face powerful enemies.,,XVI級Hero's Crown，用於星神進階。傳說中能夠為使用者帶來面對強敵的勇氣。,,,,
item_desc_1006063,Level XVI Cup of dreams， is used for star god advancement. The Holy Grail is said to be able to grant any wish of the user.,,XVI級夢現之杯，用於星神進階。傳說中能夠實現使用者任何願望的聖杯。,,,,
item_desc_1006064,Level XVI Feather of Power， is used for star god advancement. Legend has it that it can provide the user with the power to protect the things they hold dear.,,XVI級Feather of Power，用於星神進階。傳說中能夠為使用者提供守護珍視之物的力量。,,,,
item_desc_1006065,Level XVII The reality of wisdom， is used for star god advancement. Legend has it that it can provide the user with the wisdom to win battles.,,XVII級智慧之實，用於星神進階。傳說中能夠為使用者提供打勝仗的叡智。,,,,
item_desc_1006066,Level XVII Hero's Crown， is used for star god advancement. Legend has it that it can bring the user the courage to face powerful enemies.,,XVII級Hero's Crown，用於星神進階。傳說中能夠為使用者帶來面對強敵的勇氣。,,,,
item_desc_1006067,Level XVII Cup of dreams， is used for star god advancement. The Holy Grail is said to be able to grant any wish of the user.,,XVII級夢現之杯，用於星神進階。傳說中能夠實現使用者任何願望的聖杯。,,,,
item_desc_1006068,Level XVII Feather of Power， is used for star god advancement. Legend has it that it can provide the user with the power to protect the things they hold dear.,,XVII級Feather of Power，用於星神進階。傳說中能夠為使用者提供守護珍視之物的力量。,,,,
item_desc_1006069,Level XVIII The reality of wisdom， is used for star god advancement. Legend has it that it can provide the user with the wisdom to win battles.,,XVIII級智慧之實，用於星神進階。傳說中能夠為使用者提供打勝仗的叡智。,,,,
item_desc_1006070,Level XVIII Hero's Crown， is used for star god advancement. Legend has it that it can bring the user the courage to face powerful enemies.,,XVIII級Hero's Crown，用於星神進階。傳說中能夠為使用者帶來面對強敵的勇氣。,,,,
item_desc_1006071,Level XVIII Cup of dreams， is used for star god advancement. The Holy Grail is said to be able to grant any wish of the user.,,XVIII級夢現之杯，用於星神進階。傳說中能夠實現使用者任何願望的聖杯。,,,,
item_desc_1006072,level XVIII Feather of Power， is used for star god advancement. Legend has it that it can provide the user with the power to protect the things they hold dear.,,XVIII級Feather of Power，用於星神進階。傳說中能夠為使用者提供守護珍視之物的力量。,,,,
item_desc_1006073,Level XIX The reality of wisdom， is used for star god advancement. Legend has it that it can provide the user with the wisdom to win battles.,,XIX級智慧之實，用於星神進階。傳說中能夠為使用者提供打勝仗的叡智。,,,,
item_desc_1006074,Level XIX Hero's Crown， is used for star god advancement. Legend has it that it can bring the user the courage to face powerful enemies.,,XIX級Hero's Crown，用於星神進階。傳說中能夠為使用者帶來面對強敵的勇氣。,,,,
item_desc_1006075,Level XIX Cup of dreams， is used for star god advancement. The Holy Grail is said to be able to grant any wish of the user.,,XIX級夢現之杯，用於星神進階。傳說中能夠實現使用者任何願望的聖杯。,,,,
item_desc_1006076,Level XIX Feather of Power， is used for star god advancement. Legend has it that it can provide the user with the power to protect the things they hold dear.,,XIX級Feather of Power，用於星神進階。傳說中能夠為使用者提供守護珍視之物的力量。,,,,
item_desc_1006077,Level XX The reality of wisdom， is used for star god advancement. Legend has it that it can provide the user with the wisdom to win battles.,,XX級智慧之實，用於星神進階。傳說中能夠為使用者提供打勝仗的叡智。,,,,
item_desc_1006078,Level XX Hero's Crown， is used for star god advancement. Legend has it that it can bring the user the courage to face powerful enemies.,,XX級Hero's Crown，用於星神進階。傳說中能夠為使用者帶來面對強敵的勇氣。,,,,
item_desc_1006079,Level XX Cup of dreams， is used for star god advancement. The Holy Grail is said to be able to grant any wish of the user.,,XX級夢現之杯，用於星神進階。傳說中能夠實現使用者任何願望的聖杯。,,,,
item_desc_1006080,Level XX Feather of Power， is used for star god advancement. Legend has it that it can provide the user with the power to protect the things they hold dear.,,XX級Feather of Power，用於星神進階。傳說中能夠為使用者提供守護珍視之物的力量。,,,,
,,,,,,,
item_desc_1007005,The construction permit for the guild base can be used to create a guild.,,公會基地的建設准許證，使用後可創建1個公會。,,,,
item_desc_1007006,Action points required when communicating with the apostle.,,與使徒交流時所需的行動點。,,,,
item_desc_1007007,A token of the master-slave relationshipwhich can be used to unlock and conduct apostle dating events,,象徽主從關係的信物，可用於解鎖和進行使徒約會事件。,,,,
item_desc_1007008,Interstellar track activity props,,星際軌跡活動道具,,,,
item_desc_1007009,Interstellar track activity props,,星際軌跡活動道具,,,,
item_desc_1007010,Interstellar track activity props,,星際軌跡活動道具,,,,
item_desc_1007011,Moon night celebration event props,,月夜慶典活動道具,,,,
item_desc_1007012,Contains an unknown liquid that can greatly stimulate a certain feeling after use.,,內含不明的液體，使用後可以大幅刺激某種感覺。,,,,
item_desc_1007013,It is used to strengthen the lust factor generator and is very valuable.,,用於強化情慾因子生成器，非常貴重。,,,,
,,,,,,,
item_desc_1091101,The one who shines. Apollo's Soul Intelligence.,,閃耀者．Apollo的靈魂情報。,,,,
item_desc_1091102,Demigod hero. Hercules' soul information.,,半神英雄．Hercules的靈魂情報。,,,,
item_desc_1091103,The goddess of victory. Athena's soul information.,,勝利女神．Athena的靈魂情報。,,,,
item_desc_1091104,The giant throne. Moana's soul intelligence.,,巨爵座．Moana的靈魂情報。,,,,
item_desc_1091105,Chaste and flawless. Hestia's Soul Intelligence.,,貞潔無瑕．Hestia的靈魂情報。,,,,
item_desc_1091106,Lynx. Ling's soul information.,,天貓座．Bell的靈魂情報。,,,,
item_desc_1091107,Messengers of the gods. Hermes' soul information.,,諸神使者．Hermes的靈魂情報。,,,,
item_desc_1091201,The moon of destruction. Artemis' soul information.,,毀滅之月．Artemis的靈魂情報。,,,,
item_desc_1091202,Libra. Lipa's soul information.,,天秤座．Lipa的靈魂情報。,,,,
item_desc_1091203,Lyra. Aoife's soul intelligence.,,天琴座．奧菲的靈魂情報。,,,,
item_desc_1091204,Pisces. Pais' soul information.,,雙魚座．派絲的靈魂情報。,,,,
item_desc_1091205,Earth Mother Goddess. Demeter's soul information.,,地母神．Demeter的靈魂情報。,,,,
item_desc_1091206,Ursa Minor. Areka's soul information.,,小熊座．Areka的靈魂情報。,,,,
item_desc_1091207,Little Leo. Bisky's soul information.,,小獅座．Bisky的靈魂情報。,,,,
item_desc_1091208,Corona Borealis. Stella’s soul information.,,北冕座．Stella的靈魂情報。,,,,
item_desc_1091209,Dragon seat. Eldani soul intelligence.,,龍座．艾爾妲妮的靈魂情報。,,,,
item_desc_1091210,Ophiuchus. Sabi's soul information.,,蛇夫座．Sabi的靈魂情報。,,,,
item_desc_1091301,Columba. Duff's soul intelligence.,,天鴿座．Duff的靈魂情報。,,,,
item_desc_1091302,Orion. Orian's soul information.,,獵戶座．奧莉安的靈魂情報。,,,,
item_desc_1091303,Hercules. Kelis' soul information.,,武仙座．凱莉絲的靈魂情報。,,,,
item_desc_1091304,Saint. Ahippus' soul intelligence.,,聖者．亞希彼斯的靈魂情報。,,,,
item_desc_1091305,Canis Minor. Lu Ge’s soul information.,,小犬座．Lu Ge的靈魂情報。,,,,
item_desc_1091401,Perseus. Perseus' soul intelligence.,,英仙座．Perseus的靈魂情報。,,,,
item_desc_1091402,The blade of death. Thanatos' soul information.,,死亡之刃．塔納托斯的靈魂情報。,,,,
item_desc_1091403,Queen of Hades. Persephone's soul intelligence.,,冥后．Persephone的靈魂情報。,,,,
item_desc_1091404,Rhododendron. Jenna's soul information.,,杜鵑座．Jenna的靈魂情報。,,,,
item_desc_1091405,Andromeda. Anrumeda's Soul Intelligence.,,仙女座．安露美達的靈魂情報。,,,,
item_desc_1091406,Southern Cross. Mamsha's Soul Intelligence.,,南十字座．瑪姆莎的靈魂情報。,,,,
,,,,,,,
item_desc_2001002,After use， you can randomly obtain 1 SSR Star God from the normal summons. The SSR Star God you already own will be automatically converted into 40 fragments of the Star God.,,使用後可從一般召喚中隨機獲得1個SSR星神，已擁有的SSR星神會自動轉化為該星神的40個碎片。,,,,
item_desc_2001003,After use， you can randomly obtain 1 SR Star God from the normal summons. The SR Star God you already own will be automatically converted into 20 fragments of the Star God.,,使用後可從一般召喚中隨機獲得1個SR星神，已擁有的SR星神會自動轉化為該星神的20個碎片。,,,,
item_desc_2001004,After use， you can randomly obtain 1 R Star God from the normal summons. The R Star God you already own will be automatically converted into 10 fragments of the Star God.,,使用後可從一般召喚中隨機獲得1個R星神，已擁有的R星神會自動轉化為該星神的10個碎片。,,,,
,,,,,,,
,,,,,,,
,,,,,,,
item_desc_2001008,Randomly obtain an SSR Star Soul.,,隨機獲得一個SSR星魂。,,,,
item_desc_2001009,Randomly obtain an SR Star Soul.,,隨機獲得一個SR星魂。,,,,
item_desc_2001010,Randomly obtain an R star soul.,,隨機獲得一個R星魂。,,,,
item_desc_2001011,Randomly obtain a 5-star battle circuit.,,隨機獲得一個5星戰鬥迴路。,,,,
item_desc_2001012,Randomly obtain a 4-star battle circuit.,,隨機獲得一個4星戰鬥迴路。,,,,
item_desc_2001013,Randomly obtain a 3-star battle circuit.,,隨機獲得一個3星戰鬥迴路。,,,,
item_desc_2001014,Randomly obtain a 2-star battle circuit.,,隨機獲得一個2星戰鬥迴路。,,,,
item_desc_2001015,Randomly obtain a 1-star battle circuit.,,隨機獲得一個1星戰鬥迴路。,,,,
item_desc_2001016,After use， you can get 1 N gift randomly.,,使用後可以隨機獲得1個N禮物。,,,,
item_desc_2001017,After use， you can get 1 R gift randomly.,,使用後可以隨機獲得1個R禮物。,,,,
item_desc_2001018,After use， you can get 1 SR gift randomly.,,使用後可以隨機獲得1個SR禮物。,,,,
item_desc_2001019,After use， you can get 1 SSR gift randomly.,,使用後可以隨機獲得1個SSR禮物。,,,,
item_desc_2001020,After using it，you can randomly get a gift with relationship level 1.,,使用後可以隨機獲得1個關係等級1的禮物。,,,,
item_desc_2001021,After using it，you can randomly get a gift with relationship level 2.,,使用後可以隨機獲得1個關係等級2的禮物。,,,,
item_desc_2001022,After using it，you can randomly get a gift with relationship level 3.,,使用後可以隨機獲得1個關係等級3的禮物。,,,,
item_desc_2001023,After using it，you can randomly get a gift with relationship level 4.,,使用後可以隨機獲得1個關係等級4的禮物。,,,,
item_desc_2001024,You can get random gifts after using it.,,使用後可以隨機獲得禮物。,,,,
item_desc_2001025,"After use，you can randomly get one of the following rewards:
1. Initial SSR Star God Fragment x5
2. Initial Beast God Fragments of your choice x5
3. SSR Star Soul optional x1
4. Star Key x10
5. Heart Key x5
6. Star Key x1
7. Heart Key x1
8. Hammer of Awakening x1
9. Godly Stone x20000
10. Overload Stabilizer x500
11. Heroic Spirit Residual Crystal x10
12. Photo-engraved stone x1",,"You can get one of the following rewards randomly after using it
1. Initial SSR Star God Fragment x5
2. Initial Beast God Fragments of your choice x5
3. SSR Star Soul optional x1
4. Star Key x10
5. Heart Key x5
6. Star Key x1
7. Heart Key x1
8. Hammer of Awakening x1
9. Godly Stone x20000
10. Overload Stabilizer x500
11. Heroic Spirit Residual Crystal x10
12. Photo engraving stone x1",,,,
,,,,,,,
item_desc_2001901,"Supply boxes that can be opened when the player's Grade reaches level 25:
[1] Level 30 Growth Supply Box x1; [2] Star Key x5",," Supply boxes that can be opened by players reaching level 25:
[1] Level 30 Growth Supply Box x1; [2] Star Key x5",,,,
item_desc_2001902,"Supply boxes that can be opened when the player's Grade reaches level 30:
[1] Level 35 Growth Supply Box x1; [2] Star Key x5; [3] Divine Energy Stone x60000",,"Supply boxes that can be opened by players who reach level 30:
[1] Level 35 Growth Supply Box x1; [2] Star Key x5; [3] Divine Energy Stone x60000",,,,
item_desc_2001903,"Supply boxes that can be opened when the player's Grade reaches level 35:
[1] Level 40 Growth Supply Box x1; [2] Star Key x10",," Supply boxes that can be opened by players reaching level 35:
[1] Level 40 Growth Supply Box x1; [2] Star Key x10",,,,
item_desc_2001904,"Supply boxes that can be opened when the player's Grade reaches level 40:
[1] Level 45 Growth Supply Box x1; [2] Star Key x5; [3] Fighter Coin x1200",,"Supply boxes that can be opened when players reach level 40:
[1] Level 45 Growth Supply Box x1; [2] Star Key x5; [3] Fighter Coin x1200",,,,
item_desc_2001905,"Supply boxes that can be opened when the player's Grade reaches level 45:
[1] Level 50 Growth Supply Box x1; [2] Star Key x10",," Supply boxes that can be opened by players reaching level 45:
[1] Level 50 Growth Supply Box x1; [2] Star Key x10",,,,
item_desc_2001906,"Supply boxes that can be opened when the player's Grade reaches level 50:
[1] Level 60 Growth Supply Box x1; [2] Heart Key x5",," Supply boxes that can be opened by players reaching level 50:
[1] Level 60 Growth Supply Box x1; [2] Heart Key x5",,,,
item_desc_2001907,"Supply boxes that can be opened when the player Grade reaches level 60:
[1] Level 70 Growth Supply Box x1; [2] Heart Key x5",," Supply boxes that can be opened by players reaching level 60:
[1] Level 70 Growth Supply Box x1; [2] Heart Key x5",,,,
item_desc_2001908,"Supply boxes that can be opened when the player's Grade reaches level 70:
[1] Level 80 growth supply box
[1] Level 80 Growth Supply Box x1; [2] Initial SSR Beast God Fragments x30",,,,
item_desc_2001909,"Supply boxes that can be opened when the player's Grade reaches level 80:
[1] Level 90 Growth Supply Box x1; [2] Heart Key x10",," A supply box that can be opened by players who reach level 80
[1] Level 90 Growth Supply Box x1; [2] Heart Key x10",,,,
item_desc_2001910,Players who reach level 15 can activate it. After using it，they will randomly receive 2888~18888 crown stone rewards.,,玩家等級達到15級可以開啟，使用後隨機獲得2888~18888日冕石獎勵。,,,,
item_desc_2001911,It can be opened when the player reaches level 45. After using it， you will randomly receive 2888~18888 crown stone rewards.,,玩家等級達到45級可以開啟，使用後隨機獲得2888~18888日冕石獎勵。,,,,
item_desc_2001912,It can be opened when the player reaches level 70. After using it， you will randomly receive 2888~18888 crown stone rewards.,,玩家等級達到70級可以開啟，使用後隨機獲得2888~18888日冕石獎勵。,,,,
item_desc_2001913,It can be opened when the player reaches level 90. After using it， you will randomly receive 2888~18888 crown stone rewards.,,玩家等級達到90級可以開啟，使用後隨機獲得2888~18888日冕石獎勵。,,,,
item_desc_2001914,It can be opened when the player reaches level 100. After using it， you will receive 2888~18888 crown stone rewards randomly.,,玩家等級達到100級可以開啟，使用後隨機獲得2888~18888日冕石獎勵。,,,,
item_desc_2001915,It can be opened when the player reaches level 115. After using it， you will randomly receive 2888~18888 crown stone rewards.,,玩家等級達到115級可以開啟，使用後隨機獲得2888~18888日冕石獎勵。,,,,
item_desc_2001916,It can be opened when the player reaches level 70. After using it， you will randomly receive 2888~18888 crown stone rewards.,,玩家等級達到70級可以開啟，使用後隨機獲得2888~18888日冕石獎勵。,,,,
item_desc_2001917,It can be opened when the player reaches level 80. After using it， you will be randomly rewarded with 2888~18888 crown stones.,,玩家等級達到80級可以開啟，使用後隨機獲得2888~18888日冕石獎勵。,,,,
item_desc_2001918,It can be opened when the player reaches level 90. After using it， you will randomly receive 2888~18888 crown stone rewards.,,玩家等級達到90級可以開啟，使用後隨機獲得2888~18888日冕石獎勵。,,,,
item_desc_2001919,It can be opened when the player reaches level 100. After using it， you will randomly receive 2888~18888 crown stone rewards.,,玩家等級達到100級可以開啟，使用後隨機獲得2888~18888日冕石獎勵。,,,,
item_desc_2001920,When the siege war activity is settled，the guild leader who occupied Luoyang City can claim this reward and receive 3 optional packs of level 3 orange soldier symbols.,,攻城戰活動結算時，佔領洛陽城的公會會長可領取該獎勵，獲得3階橙色兵符任選包3個。,,,,
item_desc_2001921,When the siege war activity is settled，the guild members who occupied Luoyang City can claim this reward and receive 2 optional packs of level 3 orange soldier symbols.,,攻城戰活動結算時，佔領洛陽城的公會成員可領取該獎勵，獲得3階橙色兵符任選包2個。,,,,
item_desc_2001922,When the siege war activity is settled，the guild leader who captures any level 2 city can claim this reward and receive 2 optional packs of level 3 orange soldier symbols.,,攻城戰活動結算時，佔領任意2級城的公會會長可領取該獎勵，獲得3階橙色兵符任選包2個。,,,,
item_desc_2001923,When the siege war activity is settled，guild members who occupy any level 2 city can claim this reward and receive an optional pack of level 3 orange soldier symbols.,,攻城戰活動結算時，佔領任意2級城的公會成員可領取該獎勵，獲得3階橙色兵符任選包1個。,,,,
item_desc_2001924,When the siege war activity is settled，the guild leader who captures any level 1 city can claim this reward and receive an optional pack of level 3 orange soldier symbols.,,攻城戰活動結算時，佔領任意1級城的公會會長可領取該獎勵，獲得3階橙色兵符任選包1個。,,,,
item_desc_2001925,"Supply boxes that can be opened when the player reaches level 90:
[1] Level 100 Growth Supply Box x1; [2] Initial SSR Star God Fragment x80",,"Supply boxes that can be opened when players reach level 90:
[1] Level 100 Growth Supply Box x1; [2] Initial SSR Star God Fragment x80",,,,
item_desc_2001926, "Supply boxes that can be opened when the player's Grade reaches level 100:
[1] Level 110 Growth Supply Box x1; [2] Star Compass x3",,"Supply boxes that can be opened when players reach level 100:
[1] Level 110 Growth Supply Box x1; [2] Star Compass x3",,,,
item_desc_2001927, "Supply boxes that can be opened when the player's Grade reaches level 110:
[1] Level 120 Growth Supply Box x1; [2] Heart Key x10",," Supply boxes that can be opened by players reaching level 110:
[1] Level 120 Growth Supply Box x1; [2] Heart Key x10",,,,
item_desc_2001928,"Supply boxes that can be opened when a player reaches level 120:
[1] Heart Key x10",,"Supply boxes that can be opened by players reaching level 120:
【1】Heart Key x10",,,,
,,,,,,,
item_desc_2002002,After use，you can choose any initial SSR Beast God. The initial SSR Beast God you already own will be automatically converted into 60 fragments of the Beast God.,,使用後可以任選1個初始SSR獸神，已擁有的初始SSR獸神會自動轉化為該獸神的60個碎片。,,,,
item_desc_2002003,After use，you can choose any 1 initial SR beast god. The initial SR beast god you already own will be automatically converted into 30 fragments of the beast god.,,使用後可以任選1個初始SR獸神，已擁有的初始SR獸神會自動轉化為該獸神的30個碎片。,,,,
item_desc_2002004,After use，you can choose the initial SSR Beast God Fragments.,,使用後可以任選初始SSR獸神碎片。,,,,
item_desc_2002005,After use，you can choose the initial SR beast god fragments.,,使用後可以任選初始SR獸神碎片。,,,,
item_desc_2002006,After use，you can select any SSR Star God from the Star Gods that can be obtained through normal summons. The Star God you already own will be automatically converted into 40 fragments of that Star God.,,使用後可從一般召喚可獲取的星神中任選一個SSR星神，已擁有的星神會自動轉化為該星神的40個碎片。,,,,
item_desc_2002007,After use，you can select any SR Star God from the Star Gods that can be obtained through normal summons. The Star God you already own will be automatically converted into 20 fragments of that Star God.,,使用後可從一般召喚可獲取的星神中任選一個SR星神，已擁有的星神會自動轉化為該星神的20個碎片。,,,,
item_desc_2002008,After use，you can select any R Star God from the Star Gods that can be obtained through normal summons. The Star God you already own will be automatically converted into 10 fragments of that Star God.,,使用後可從一般召喚可獲取的星神中任選一個R星神，已擁有的星神會自動轉化為該星神的10個碎片。,,,,
item_desc_2002009,After use，you can choose any SSR Star God fragment from the Star Gods that can be obtained through normal summons!,,使用後可從一般召喚可獲取的星神中任選一個SSR星神碎片！,,,,
item_desc_2002010,After use，you can choose any SR Star God fragment from the Star Gods that can be obtained through normal summons!,,使用後可從一般召喚可獲取的星神中任選一個SR星神碎片！,,,,
item_desc_2002011,After use，you can choose any R Star God fragment from the Star Gods that can be obtained through normal summons!,,使用後可從一般召喚可獲取的星神中任選一個R星神碎片！,,,,
item_desc_2002012,After use，you can choose any SSR star soul.,,使用後可以任選一個SSR星魂。,,,,
item_desc_2002013,After use，you can choose any SR star soul.,,使用後可以任選一個SR星魂。,,,,
item_desc_2002014,After use，you can choose any R star soul.,,使用後可以任選一個R星魂。,,,,
item_desc_2002015,"You can choose one of the following after use:
[1] 1 attack enhancement chip; [2] 3 defense enhancement chips; [3] 15 life enhancement chips ",," After use， you can choose one of the following:
[1] 1 attack enhancement chip; [2] 3 defense enhancement chips; [3] 15 life enhancement chips",,,,
item_desc_2002016,"You can choose any of the following rewards after use
1. SR Star Soul optional x3
2. Equipment photolithography optional x3",,"After use， you can choose any of the following rewards
1. SR Star Soul optional x3
2. Equipment photolithography optional x3",,,,
item_desc_2002017,After use， you can choose any 3-star battle circuit.,,使用後可以任選一個3星戰鬥迴路。,,,,
item_desc_2002018,After use， you can choose any 4-star battle circuit.,,使用後可以任選一個4星戰鬥迴路。,,,,
item_desc_2002019,After use， you can choose any 5-star battle circuit.,,使用後可以任選一個5星戰鬥迴路。,,,,
item_desc_2002020,After use， you can choose any N gift.,,使用後可以任選一個N禮物。,,,,
item_desc_2002021,After use， you can choose any R gift.,,使用後可以任選一個R禮物。,,,,
item_desc_2002022,After use， you can choose any SR gift.,,使用後可以任選一個SR禮物。,,,,
item_desc_2002023,After use， you can choose any SSR gift.,,使用後可以任選一個SSR禮物。,,,,
item_desc_2002024,After using it， you can choose a gift with relationship level 1.,,使用後可以任選一個關係等級1的禮物。,,,,
item_desc_2002025,After using it， you can choose a gift with relationship level 2.,,使用後可以任選一個關係等級2的禮物。,,,,
item_desc_2002026,After using it， you can choose a gift with relationship level 3.,,使用後可以任選一個關係等級3的禮物。,,,,
item_desc_2002027,After using it， you can choose a gift with relationship level 4.,,使用後可以任選一個關係等級4的禮物。,,,,
item_desc_2002028,You can choose a gift after use.,,使用後可以任選一個禮物。,,,,
item_desc_2002029,"You can choose one of the following after use:
[1] Photo-engraved stone x1; [2] Heroic Spirit Remnant Crystal x20",,"After use， you can choose one of the following:
[1] Photo-engraved stone x1; [2] Heroic Spirit Remnant Crystal x20",,,,
item_desc_2002030,"You can choose one of the following after use:
[1] Element fragment x10; [2] Advanced elixir x100",,"After use， you can choose one of the following:
[1] Element fragment x10; [2] Advanced elixir x100",,,,
item_desc_2002031,"You can choose one of the following after use:
【1】Simulated battle data x100;【2】Specially selected information x20",,"After use， you can choose one of the following:
[1] Simulated battle data x100; [2] Specially selected information x20",,,,
item_desc_2002032,"You can choose one of the following after use:
【1】High-grade meteorite iron x4;【2】High-grade spiritual pet pill x4",,"After use，you can choose one of the following:
【1】High-grade meteorite iron x4;【2】High-grade spiritual pet pill x4",,,,
item_desc_2002033,After use， you can choose the initial beast god fragments.,,使用後可以任選初始獸神碎片。,,,,
item_desc_2002034,"The following star gods can be obtained after use!
【1】Cuckoo Seat. Jenna;【2】Andromeda. Anrumeda;【三】Lynx． The following star gods can be obtained after using "Bell",,"!
【1】Cuckoo Seat. Jenna;【2】Andromeda. Anrumida; 【三】Lynx. Bell",,,,
item_desc_2002035, "After use， you can choose one of the following Star God fragments!
【1】Messengers of the gods. Hermes; [2] Corona Borealis. Stella;【三】Draco. Eldani; [4] Ophiuchus. Sabi",,"After using it， you can choose one of the following star god fragments!
【1】Messengers of the gods. Hermes; [2] Corona Borealis. Stella;【三】Draco. Eldani; [4] Ophiuchus. Sabi",,,,
,,,,,,,
#item_chosen_box_tag,,,,,,,
item_2002002_tag_1,Beast God,,獸神,,,,
item_2002003_tag_1,Beast God,,獸神,,,,
item_2002003_tag_1,Beast God,,獸神,,,,
item_2002004_tag_1,Beast God Fragments,,獸神碎片,,,,
item_2002005_tag_1,Beast God Fragments,,獸神碎片,,,,
item_2002005_tag_1,Beast God Fragments,,獸神碎片,,,,
item_2002006_tag_1,Olympus,,奧林匹斯,,,,
item_2002006_tag_1,Olympus,,奧林匹斯,,,,
item_2002006_tag_1,Olympus,,奧林匹斯,,,,
item_2002006_tag_2,Ocean,,Ocean,,,,
item_2002006_tag_3,Thebes,,Thebes,,,,
item_2002006_tag_3,Thebes,,Thebes,,,,
item_2002006_tag_4,Underworld,,Underworld,,,,
item_2002006_tag_4,Underworld,,Underworld,,,,
item_2002006_tag_4,Underworld,,Underworld,,,,
item_2002007_tag_1,Olympus,,奧林匹斯,,,,
item_2002007_tag_1,Olympus,,奧林匹斯,,,,
item_2002007_tag_2,Ocean,,Ocean,,,,
item_2002007_tag_2,Ocean,,Ocean,,,,
item_2002007_tag_2,Ocean,,Ocean,,,,
item_2002007_tag_3,Thebes,,Thebes,,,,
item_2002007_tag_3,Thebes,,Thebes,,,,
item_2002007_tag_4,Underworld,,Underworld,,,,
item_2002007_tag_4,Underworld,,Underworld,,,,
item_2002008_tag_1,Olympus,,奧林匹斯,,,,
item_2002008_tag_2,Ocean,,Ocean,,,,
item_2002008_tag_2,Ocean,,Ocean,,,,
item_2002008_tag_3,Thebes,,Thebes,,,,
item_2002008_tag_4,Underworld,,Underworld,,,,
item_2002009_tag_1,Olympus,,奧林匹斯,,,,
item_2002009_tag_1,Olympus,,奧林匹斯,,,,
item_2002009_tag_1,Olympus,,奧林匹斯,,,,
item_2002009_tag_2,Ocean,,Ocean,,,,
item_2002009_tag_3,Thebes,,Thebes,,,,
item_2002009_tag_3,Thebes,,Thebes,,,,
item_2002009_tag_4,Underworld,,Underworld,,,,
item_2002009_tag_4,Underworld,,Underworld,,,,
item_2002009_tag_4,Underworld,,Underworld,,,,
item_2002010_tag_1,Olympus,,奧林匹斯,,,,
item_2002010_tag_1,Olympus,,奧林匹斯,,,,
item_2002010_tag_2,Ocean,,Ocean,,,,
item_2002010_tag_2,Ocean,,Ocean,,,,
item_2002010_tag_2,Ocean,,Ocean,,,,
item_2002010_tag_3,Thebes,,Thebes,,,,
item_2002010_tag_3,Thebes,,Thebes,,,,
item_2002010_tag_4,Underworld,,Underworld,,,,
item_2002010_tag_4,Underworld,,Underworld,,,,
item_2002011_tag_1,Olympus,,奧林匹斯,,,,
item_2002011_tag_2,Ocean,,Ocean,,,,
item_2002011_tag_2,Ocean,,Ocean,,,,
item_2002011_tag_3,Thebes,,Thebes,,,,
item_2002011_tag_4,Underworld,,Underworld,,,,
item_2002012_tag_1,Olympus,,奧林匹斯,,,,
item_2002012_tag_1,Olympus,,奧林匹斯,,,,
item_2002012_tag_1,Olympus,,奧林匹斯,,,,
item_2002012_tag_2,Ocean,,Ocean,,,,
item_2002012_tag_2,Ocean,,Ocean,,,,
item_2002012_tag_3,Thebes,,Thebes,,,,
item_2002012_tag_3,Thebes,,Thebes,,,,
item_2002012_tag_4,Underworld,,Underworld,,,,
item_2002012_tag_4,Underworld,,Underworld,,,,
item_2002012_tag_4,Underworld,,Underworld,,,,
item_2002013_tag_1,Olympus,,奧林匹斯,,,,
item_2002013_tag_1,Olympus,,奧林匹斯,,,,
item_2002013_tag_2,Ocean,,Ocean,,,,
item_2002013_tag_2,Ocean,,Ocean,,,,
item_2002013_tag_2,Ocean,,Ocean,,,,
item_2002013_tag_3,Thebes,,Thebes,,,,
item_2002013_tag_3,Thebes,,Thebes,,,,
item_2002013_tag_4,Underworld,,Underworld,,,,
item_2002013_tag_4,Underworld,,Underworld,,,,
item_2002014_tag_1,Olympus,,奧林匹斯,,,,
item_2002014_tag_2,Ocean,,Ocean,,,,
item_2002014_tag_2,Ocean,,Ocean,,,,
item_2002014_tag_3,Thebes,,Thebes,,,,
item_2002014_tag_4,Underworld,,Underworld,,,,
item_2002015_tag_1,Choose,,選擇,,,,
item_2002015_tag_1,Choose,,選擇,,,,
item_2002015_tag_1,Choose,,選擇,,,,
item_2002020_tag_1,N,,N,,,,
item_2002020_tag_1,N,,N,,,,
item_2002020_tag_1,N,,N,,,,
item_2002020_tag_1,N,,N,,,,
item_2002021_tag_1,R,,R,,,,
item_2002021_tag_1,R,,R,,,,
item_2002021_tag_1,R,,R,,,,
item_2002021_tag_1,R,,R,,,,
item_2002022_tag_1,SR,,SR,,,,
item_2002022_tag_1,SR,,SR,,,,
item_2002022_tag_1,SR,,SR,,,,
item_2002022_tag_1,SR,,SR,,,,
item_2002023_tag_1,SSR,,SSR,,,,
item_2002023_tag_1,SSR,,SSR,,,,
item_2002023_tag_1,SSR,,SSR,,,,
item_2002023_tag_1,SSR,,SSR,,,,
item_2002024_tag_1,Grade1,,等級1,,,,
item_2002024_tag_1,Grade1,,等級1,,,,
item_2002024_tag_1,Grade1,,等級1,,,,
item_2002024_tag_1,Grade1,,等級1,,,,
item_2002025_tag_1,Grade2,,等級2,,,,
item_2002025_tag_1,Grade2,,等級2,,,,
item_2002025_tag_1,Grade2,,等級2,,,,
item_2002025_tag_1,Grade2,,等級2,,,,
item_2002026_tag_1,Grade3,,等級3,,,,
item_2002026_tag_1,Grade3,,等級3,,,,
item_2002026_tag_1,Grade3,,等級3,,,,
item_2002026_tag_1,Grade3,,等級3,,,,
item_2002027_tag_1,Grade4,,等級4,,,,
item_2002027_tag_1,Grade4,,等級4,,,,
item_2002027_tag_1,Grade4,,等級4,,,,
item_2002027_tag_1,Grade4,,等級4,,,,
item_2002028_tag_1,Choose,,選擇,,,,
item_2002028_tag_1,Choose,,選擇,,,,
item_2002028_tag_1,Choose,,選擇,,,,
item_2002028_tag_1,Choose,,選擇,,,,
item_2002028_tag_1,Choose,,選擇,,,,
item_2002028_tag_1,Choose,,選擇,,,,
item_2002028_tag_1,Choose,,選擇,,,,
item_2002028_tag_1,Choose,,選擇,,,,
item_2002028_tag_1,Choose,,選擇,,,,
item_2002028_tag_1,Choose,,選擇,,,,
item_2002028_tag_1,Choose,,選擇,,,,
item_2002028_tag_1,Choose,,選擇,,,,
item_2002028_tag_1,Choose,,選擇,,,,
item_2002028_tag_1,Choose,,選擇,,,,
item_2002028_tag_1,Choose,,選擇,,,,
item_2002028_tag_1,Choose,,選擇,,,,
item_2002029_tag_1,Choose,,選擇,,,,
item_2002029_tag_1,Choose,,選擇,,,,
item_2002031_tag_1,Choose,,選擇,,,,
item_2002031_tag_1,Choose,,選擇,,,,
item_2002033_tag_1,SSR,,SSR,,,,
item_2002033_tag_2,SR,,SR,,,,
item_2002016_tag_1,Choose,,選擇,,,,
item_2002016_tag_1,Choose,,選擇,,,,
item_2002035_tag_1,SSR,,SSR,,,,
,,,,,,,
hero_shard_desc_1101,Collect 40 fragments to get the Shiner. Apollo,,收集40塊碎片即可得到閃耀者．Apollo,,,,
hero_shard_desc_1102,Collect 40 fragments to get the demigod hero. Hercules,,收集40塊碎片即可得到半神英雄．Hercules,,,,
hero_shard_desc_1103,Collect 40 fragments to get the Goddess of Victory. Athena,,收集40塊碎片即可得到勝利女神．Athena,,,,
hero_shard_desc_1104,Collect 20 fragments to get the Giant Throne. Moana,,收集20塊碎片即可得到巨爵座．Moana,,,,
hero_shard_desc_1105,Collect 20 fragments to get Chastity. Hestia,,收集20塊碎片即可得到貞潔無瑕．Hestia,,,,
hero_shard_desc_1106,Collect 10 fragments to get the Lynx. Bell,,收集10塊碎片即可得到天貓座．Bell,,,,
hero_shard_desc_1107,Collect 40 fragments to get the Messenger of the Gods. Hermes,,收集40塊碎片即可得到諸神使者．Hermes,,,,
hero_shard_desc_1201,Collect 40 fragments to get the Moon of Destruction. Artemis,,收集40塊碎片即可得到毀滅之月．Artemis,,,,
hero_shard_desc_1202,Collect 40 fragments to get Libra. Lipa,,收集40塊碎片即可得到天秤座．Lipa,,,,
hero_shard_desc_1203,Collect 20 fragments to get Lyra. Aoife,,收集20塊碎片即可得到天琴座．奧菲,,,,
hero_shard_desc_1204,Collect 20 fragments to get Pisces. Pais,,收集20塊碎片即可得到雙魚座．派絲,,,,
hero_shard_desc_1205,Collect 20 fragments to get the Earth Mother Goddess. Demeter,,收集20塊碎片即可得到地母神．Demeter,,,,
hero_shard_desc_1206,Collect 10 fragments to get the Ursa Minor. Areka,,收集10塊碎片即可得到小熊座．Areka,,,,
hero_shard_desc_1207,Collect 10 fragments to get the Little Leo. Bisky,,收集10塊碎片即可得到小獅座．Bisky,,,,
hero_shard_desc_1208,Collect 40 fragments to get Corona Borealis. Stella,,收集40塊碎片即可得到北冕座．Stella,,,,
hero_shard_desc_1209,Collect 40 fragments to get Draco. Eldani,,收集40塊碎片即可得到天龍座．艾爾妲妮,,,,
hero_shard_desc_1210,Collect 40 fragments to get Ophiuchus. Sabi,,收集40塊碎片即可得到蛇夫座．Sabi,,,,
hero_shard_desc_1301,Collect 40 fragments to get Columba. Duff,,收集40塊碎片即可得到天鴿座．Duff,,,,
hero_shard_desc_1302,Collect 40 fragments to get Orion. Orian,,收集40塊碎片即可得到獵戶座．奧莉安,,,,
hero_shard_desc_1303,Collect 20 fragments to get the Hercules. Kelis,,收集20塊碎片即可得到武仙座．凱莉絲,,,,
hero_shard_desc_1304,Collect 20 fragments to get the Saint. Ahippus,,收集20塊碎片即可得到聖者．亞希彼斯,,,,
hero_shard_desc_1305,Collect 10 fragments to get the Little Canis. Lu Ge,,收集10塊碎片即可得到小犬座．Lu Ge,,,,
hero_shard_desc_1401,Collect 40 fragments to get Perseus. Perseus,,收集40塊碎片即可得到英仙座．Perseus,,,,
hero_shard_desc_1402,Collect 40 fragments to get Eternal Night's Sleep. Hypnos,,收集40塊碎片即可得到永夜之眠．修普諾斯,,,,
hero_shard_desc_1403,Collect 40 fragments to get the Queen of Hades. Persephone,,收集40塊碎片即可得到冥后．Persephone,,,,
hero_shard_desc_1404,Collect 20 fragments to get the Cuckoo Seat. Jenna,,收集20塊碎片即可得到杜鵑座．Jenna,,,,
hero_shard_desc_1405,Collect 20 fragments to get Andromeda. Anrumeda,,收集20塊碎片即可得到仙女座．安露美達,,,,
hero_shard_desc_1406,Collect 10 fragments to get the Southern Cross. Mamsha,,收集10塊碎片即可得到南十字座．瑪姆莎,,,,
,,,,,,,
god_shard_desc_2001,Collect 60 fragments to get the Sphinx,,收集60塊碎片即可得到斯芬克斯,,,,
god_shard_desc_2002,Collect 30 fragments to get Hydra,,收集30塊碎片即可得到海德拉,,,,
god_shard_desc_2003,Collect 30 fragments to get Jörmungandr,,收集30塊碎片即可得到耶夢加得,,,,
,,,,,,,
,,,,,,,
,,,,,,,