,,,,,,,
UREventQuestDesc_1,The current 1 R Star God has been upgraded to five stars.,,當前1個R星神升星至五星,,,,
UREventQuestDesc_2,The current 2 R Star Gods have been upgraded to five stars,,當前2個R星神升星至五星,,,,
UREventQuestDesc_3,The current 3 R Star Gods have been upgraded to five stars,,當前3個R星神升星至五星,,,,
UREventQuestDesc_4,The current 4 R Star Gods have been upgraded to five stars,,當前4個R星神升星至五星,,,,
UREventQuestDesc_5,The current 5 R Star Gods have been upgraded to five stars,,當前5個R星神升星至五星,,,,
UREventQuestDesc_6,Currently 1 R star god awakens to SR,,當前1個R星神覺醒至SR,,,,
UREventQuestDesc_7,Currently 2 R Star Gods awaken to SR,,當前2個R星神覺醒至SR,,,,
UREventQuestDesc_8,Currently 3 R Star Gods awaken to SR,,當前3個R星神覺醒至SR,,,,
UREventQuestDesc_9,Currently 4 R Star Gods awaken to SR,,當前4個R星神覺醒至SR,,,,
UREventQuestDesc_10,Currently 5 R star god awaken to SR,,當前5個R星神覺醒至SR,,,,
UREventQuestDesc_11,Currently 1 R star gods awakens to SSR,,當前1個R星神覺醒至SSR,,,,
UREventQuestDesc_12,Currently 2 R star gods awakens to SSR,,當前2個R星神覺醒至SSR,,,,
UREventQuestDesc_13,Currently 3 R star gods awakens to SSR,,當前3個R星神覺醒至SSR,,,,
UREventQuestDesc_14,Currently 4 R star gods awakens to SSR,,當前4個R星神覺醒至SSR,,,,
UREventQuestDesc_15,Currently 5 R star gods awakens to SSR,,當前5個R星神覺醒至SSR,,,,
UREventQuestDesc_16,Currently 1 native SR star god has been upgraded to three stars,,當前1個原生SR星神升至三星,,,,
UREventQuestDesc_17,Currently 2 native SR star gods have been upgraded to three stars,,當前2個原生SR星神升至三星,,,,
UREventQuestDesc_18,Currently 3 native SR star gods have been upgraded to three stars,,當前3個原生SR星神升至三星,,,,
UREventQuestDesc_19,Currently 4 native SR star gods have been upgraded to three stars,,當前4個原生SR星神升至三星,,,,
UREventQuestDesc_20,Currently 5 native SR star gods have been upgraded to three stars,,當前5個原生SR星神升至三星,,,,
UREventQuestDesc_21,Currently 6 native SR star gods have been upgraded to three stars,,當前6個原生SR星神升至三星,,,,
UREventQuestDesc_22,Currently 7 native SR star gods have been upgraded to three stars,,當前7個原生SR星神升至三星,,,,
UREventQuestDesc_23,Currently 8 native SR star gods have been upgraded to three stars,,當前8個原生SR星神升至三星,,,,
UREventQuestDesc_24,Currently 9 native SR star gods have been upgraded to three stars,,當前9個原生SR星神升至三星,,,,
UREventQuestDesc_25,Currently 1 native SR star god has been upgraded to five stars,,當前1個原生SR星神升至五星,,,,
UREventQuestDesc_26,Currently 2 native SR star gods have been upgraded to five stars,,當前2個原生SR星神升至五星,,,,
UREventQuestDesc_27,Currently 3 native SR star gods have been upgraded to five stars,,當前3個原生SR星神升至五星,,,,
UREventQuestDesc_28,Currently 4 native SR star gods have been upgraded to five stars,,當前4個原生SR星神升至五星,,,,
UREventQuestDesc_29,Currently 5 native SR star gods have been upgraded to five stars,,當前5個原生SR星神升至五星,,,,
UREventQuestDesc_30,Currently 6 native SR star gods have been upgraded to five stars,,當前6個原生SR星神升至五星,,,,
UREventQuestDesc_31,Currently 7 native SR star gods have been upgraded to five stars,,當前7個原生SR星神升至五星,,,,
UREventQuestDesc_32,Currently 8 native SR star gods have been upgraded to five stars,,當前8個原生SR星神升至五星,,,,
UREventQuestDesc_33,Currently 9 native SR star gods have been upgraded to five stars,,當前9個原生SR星神升至五星,,,,
UREventQuestDesc_34,Currently 1 native SR star god awakens to SSR,,當前1個原生SR星神覺醒至SSR,,,,
UREventQuestDesc_35,Currently 2 native SR star gods awakens to SSR,,當前2個原生SR星神覺醒至SSR,,,,
UREventQuestDesc_36,Currently 3 native SR star gods awakens to SSR,,當前3個原生SR星神覺醒至SSR,,,,
UREventQuestDesc_37,Currently 4 native SR star gods awakens to SSR,,當前4個原生SR星神覺醒至SSR,,,,
UREventQuestDesc_38,Currently 5 native SR star gods awakens to SSR,,當前5個原生SR星神覺醒至SSR,,,,
UREventQuestDesc_39,Currently 6 native SR star gods awakens to SSR,,當前6個原生SR星神覺醒至SSR,,,,
UREventQuestDesc_40,Currently 7 native SR star gods awakens to SSR,,當前7個原生SR星神覺醒至SSR,,,,
UREventQuestDesc_41,Currently 8 native SR star gods awakens to SSR,,當前8個原生SR星神覺醒至SSR,,,,
UREventQuestDesc_42,Currently 9 native SR star gods awakens to SSR,,當前9個原生SR星神覺醒至SSR,,,,
UREventQuestDesc_43,Obtain 1 native SSR Star God,,獲得1個原生SSR星神,,,,
UREventQuestDesc_44,Obtain 2 native SSR Star Gods,,獲得2個原生SSR星神,,,,
UREventQuestDesc_45,Obtain 3 native SSR Star Gods,,獲得3個原生SSR星神,,,,
UREventQuestDesc_46,Obtain 4 native SSR Star Gods,,獲得4個原生SSR星神,,,,
UREventQuestDesc_47,Obtain 5 native SSR Star Gods,,獲得5個原生SSR星神,,,,
UREventQuestDesc_48,Obtain 6 native SSR Star Gods,,獲得6個原生SSR星神,,,,
UREventQuestDesc_49,Obtain 7 native SSR Star Gods,,獲得7個原生SSR星神,,,,
UREventQuestDesc_50,Obtain 8 native SSR Star Gods,,獲得8個原生SSR星神,,,,
UREventQuestDesc_51,Obtain 9 native SSR Star Gods,,獲得9個原生SSR星神,,,,
UREventQuestDesc_52,Obtain 10 native SSR Star Gods,,獲得10個原生SSR星神,,,,
UREventQuestDesc_53,Currently 1 native SSR star god has been upgraded to three stars,,當前1個原生SSR星神升至三星,,,,
UREventQuestDesc_54,Currently 2 native SSR star gods has been upgraded to three stars,,當前2個原生SSR星神升至三星,,,,
UREventQuestDesc_55,Currently 3 native SSR star gods has been upgraded to three stars,,當前3個原生SSR星神升至三星,,,,
UREventQuestDesc_56,Currently 4 native SSR star gods has been upgraded to three stars,,當前4個原生SSR星神升至三星,,,,
UREventQuestDesc_57,Currently 5 native SSR star gods has been upgraded to three stars,,當前5個原生SSR星神升至三星,,,,
UREventQuestDesc_58,Currently 6 native SSR star gods has been upgraded to three stars,,當前6個原生SSR星神升至三星,,,,
UREventQuestDesc_59,Currently 7 native SSR star gods has been upgraded to three stars,,當前7個原生SSR星神升至三星,,,,
UREventQuestDesc_60,Currently 8 native SSR star gods has been upgraded to three stars,,當前8個原生SSR星神升至三星,,,,
UREventQuestDesc_61,Currently 9 native SSR star gods has been upgraded to three stars,,當前9個原生SSR星神升至三星,,,,
UREventQuestDesc_62,Currently 10 native SSR star gods has been upgraded to three stars,,當前10個原生SSR星神升至三星,,,,
UREventQuestDesc_63,Currently 1 native SSR Star God has been upgraded to five stars,,當前1個原生SSR星神升至五星,,,,
UREventQuestDesc_64,Currently 2 native SSR Star Gods has been upgraded to five stars,,當前2個原生SSR星神升至五星,,,,
UREventQuestDesc_65,Currently 3 native SSR Star Gods has been upgraded to five stars,,當前3個原生SSR星神升至五星,,,,
UREventQuestDesc_66,Currently 4 native SSR Star Gods has been upgraded to five stars,,當前4個原生SSR星神升至五星,,,,
UREventQuestDesc_67,Currently 5 native SSR Star Gods has been upgraded to five stars,,當前5個原生SSR星神升至五星,,,,
UREventQuestDesc_68,Currently 6 native SSR Star Gods has been upgraded to five stars,,當前6個原生SSR星神升至五星,,,,
UREventQuestDesc_69,Currently 7 native SSR Star Gods has been upgraded to five stars,,當前7個原生SSR星神升至五星,,,,
UREventQuestDesc_70,Currently 8 native SSR Star Gods has been upgraded to five stars,,當前8個原生SSR星神升至五星,,,,
UREventQuestDesc_71,Currently 9 native SSR Star Gods has been upgraded to five stars,,當前9個原生SSR星神升至五星,,,,
UREventQuestDesc_72,Currently 10 native SSR Star Gods has been upgraded to five stars,,當前10個原生SSR星神升至五星,,,,
UREventQuestDesc_73,Currently 1 star god awakens to UR,,當前1個星神覺醒至UR,,,,
UREventQuestDesc_74,Currently 2 star gods awakens to UR,,當前2個星神覺醒至UR,,,,
UREventQuestDesc_75,Currently 3 star gods awakens to UR,,當前3個星神覺醒至UR,,,,
UREventQuestDesc_76,Currently 4 star gods awakens to UR,,當前4個星神覺醒至UR,,,,
UREventQuestDesc_77,Currently 5 star gods awakens to UR,,當前5個星神覺醒至UR,,,,
UREventQuestDesc_78,Currently 6 star gods awakens to UR,,當前6個星神覺醒至UR,,,,
UREventQuestDesc_79,Currently 7 star gods awakens to UR,,當前7個星神覺醒至UR,,,,
UREventQuestDesc_80,Currently 8 star gods awakens to UR,,當前8個星神覺醒至UR,,,,
UREventQuestDesc_81,Currently 9 star gods awakens to UR,,當前9個星神覺醒至UR,,,,
UREventQuestDesc_82,Currently 10 star gods awakens to UR,,當前10個星神覺醒至UR,,,,
UREventQuestDesc_83,Currently 11 star gods awakens to UR,,當前11個星神覺醒至UR,,,,
UREventQuestDesc_84,Currently 12 star gods awakens to UR,,當前12個星神覺醒至UR,,,,
UREventQuestDesc_85,Currently 1 star god awakens to UR three stars,,當前1個星神覺醒至UR三星,,,,
UREventQuestDesc_86,Currently 2 star gods awakens to UR three stars,,當前2個星神覺醒至UR三星,,,,
UREventQuestDesc_87,Currently 3 star gods awakens to UR three stars,,當前3個星神覺醒至UR三星,,,,
UREventQuestDesc_88,Currently 4 star gods awakens to UR three stars,,當前4個星神覺醒至UR三星,,,,
UREventQuestDesc_89,Currently 5 star gods awakens to UR three stars,,當前5個星神覺醒至UR三星,,,,
UREventQuestDesc_90,Currently 6 star gods awakens to UR three stars,,當前6個星神覺醒至UR三星,,,,
UREventQuestDesc_91,Currently 1 star god has awakened to UR five-star level,,當前1個星神覺醒至UR五星,,,,
UREventQuestDesc_92,Currently 2 star gods has awakened to UR five-star level,,當前2個星神覺醒至UR五星,,,,
UREventQuestDesc_93,Currently 3 star gods has awakened to UR five-star level,,當前3個星神覺醒至UR五星,,,,
,,,,,,,
#Welfare - PickUp Event,,,,,,,
WelfareUREventPage_Title_Pickup,Star God Journey,,星神征途,,,,
Welfare_urEvent_mission_Tag_1_2,SSR,,SSR,,,,
Welfare_urEvent_mission_Tag_2_2,UR,,UR,,,,
Welfare_urEvent_mission_count_2,Task completion,,任務完成度,,,,
Welfare_urEvent_mission_btn_claim_2,Receive,,領取,,,,
Welfare_urEvent_mission_claimed_2,Clear,,Clear,,,,
Welfare_urEvent_DetailMenu_1_2,Information,,資訊,,,,
Welfare_urEvent_DetailMenu_2_2,Model,,造型,,,,
Welfare_urEvent_DetailMenu_3_2,Destiny,,天命,,,,
Welfare_urEvent_RewardSkin_2,Model,,造型,,,,
,,,,,,,
Welfare_urEvent_Tag_2,S1,,S1,,,,
UR_EVENT_POINT_2,Journey point,,征途點,,,,
,,,,,,,
UREventQuestDesc_94,Currently owns 1 S1 Star God,,當前擁有1個S1星神,,,,
UREventQuestDesc_95,Currently owns 2 S1 Star Gods,,當前擁有2個S1星神,,,,
UREventQuestDesc_96,Currently owns 3 S1 Star Gods,,當前擁有3個S1星神,,,,
UREventQuestDesc_97,Currently owns 4 S1 Star Gods,,當前擁有4個S1星神,,,,
UREventQuestDesc_98,Currently 1 S1 star god has been upgraded to three stars,,當前1個S1星神升至三星,,,,
UREventQuestDesc_99,Currently 2 S1 star gods have been upgraded to three stars,,當前2個S1星神升至三星,,,,
UREventQuestDesc_100,Currently 3 S1 star gods have been upgraded to three stars,,當前3個S1星神升至三星,,,,
UREventQuestDesc_101,Currently 4 S1 star gods have been upgraded to three stars,,當前4個S1星神升至三星,,,,
UREventQuestDesc_102,Currently 1 S1 star god has been upgraded to five stars,,當前1個S1星神升至五星,,,,
UREventQuestDesc_103,Currently 2 S1 star gods have been upgraded to five stars,,當前2個S1星神升至五星,,,,
UREventQuestDesc_104,Currently 3 S1 star gods have been upgraded to five stars,,當前3個S1星神升至五星,,,,
UREventQuestDesc_105,Currently 4 S1 star gods have been upgraded to five stars,,當前4個S1星神升至五星,,,,
UREventQuestDesc_106,Currently 1 S1 Star god awakens to UR 1 Star,,當前1個S1星神覺醒至UR一星,,,,
UREventQuestDesc_107,Currently 2 S1 star gods have awakened to UR one star,,當前2個S1星神覺醒至UR一星,,,,
UREventQuestDesc_108,Currently 3 S1 star gods have awakened to UR one star,,當前3個S1星神覺醒至UR一星,,,,
UREventQuestDesc_109,Currently 4 S1 star gods have awakened to UR one star,,當前4個S1星神覺醒至UR一星,,,,
UREventQuestDesc_110,Currently 1 S1 Star God has awaken to UR three stars,,當前1個S1星神覺醒至UR三星,,,,
UREventQuestDesc_111,Currently 2 S1 Star Gods have awakened to UR three stars,,當前2個S1星神覺醒至UR三星,,,,
UREventQuestDesc_112,Currently 3 S1 Star Gods have awakened to UR three stars,,當前3個S1星神覺醒至UR三星,,,,
UREventQuestDesc_113,Currently 4 S1 Star Gods have awakened to UR three stars,,當前4個S1星神覺醒至UR三星,,,,
UREventQuestDesc_114,Currently 1 S1 star god has awakened to UR five stars,,當前1個S1星神覺醒至UR五星,,,,
UREventQuestDesc_115,Currently 2 S1 star gods have awakened to UR five stars,,當前2個S1星神覺醒至UR五星,,,,
UREventQuestDesc_116,Currently 3 S1 star gods have awakened to UR five stars,,當前3個S1星神覺醒至UR五星,,,,
UREventQuestDesc_117,Currently 4 S1 star gods have awakened to UR five stars,,當前4個S1星神覺醒至UR五星,,,,
,,,,,,,
,,,,,,,
#Welfare - DailyBonus,,,,,,,
WelfareDailyBonusPage_Title,Physical supply,,體力補給,,,,
Welfare_DailyBonus_TimePeriod_1,Lunch time,,午間補給時間,,,,
Welfare_DailyBonus_TimePeriod_2,Evening supply time,,晚間補給時間,,,,
Welfare_DailyBonus_TimePeriod_short_1,Lunch,,午餐,,,,
Welfare_DailyBonus_TimePeriod_short_2,Dinner,,晚餐,,,,
Welfare_DailyBonus_btn_claim,Claim,,領取,,,,
Welfare_DailyBonus_btn_claimWithCost,Replacement,,補領,,,,
Welfare_DailyBonus_alreadyClaim,Received,,已領取,,,,
Welfare_DailyBonus_notYetClaim,Not yet claimed,,未到時間,,,,
Welfare_DailyBonus_alert_alreadyClaim,Already claimed,,你已經領取!,,,,
Welfare_DailyBonus_alert_notYetClaim,It’s not yet time to collect it!,,還未到時間領取!,,,,
Welfare_DailyBonus_claimWithCost_title,Replenish physical strength,,補領體力,,,,
Welfare_DailyBonus_claimWithCost_content,Are you sure you want to spend {0} crown stones to replenish your stamina?,,你確定花費 {0} 日冕石補領體力嗎?,,,,
Welfare_DailyBonus_alert_notEnoughCost,You don't have enough corona stones,,你沒有足夠的日冕石,,,,
Target section not started yet,It’s not time to collect it yet!,,還未到時間領取!,,,,
,,,,,,,
#Welfare - Redemption (Charge),,,,,,,
Welfare_Redemption_InputField_msg,Enter the redemption code,,請輸入兌換碼,,,,
Welfare_btn_Redemption,Exchange,,兌換,,,,
Redemption_Warning_Empty,Redemption code cannot be blank,,兌換碼不能空白,,,,
Redemption_Warning_AlreadyRedeem,Already redeemed or the redemption limit has been reached,,已兌換或已達兌換上限,,,,
Redemption_Warning_InvalidCode,Invalid redemption code,,無效的兌換碼,,,,
Redemption_Warning_CodeNotInPeriod,The redemption code has expired,,兌換碼已過期,,,,
Redemption_Warning_CodeAlreadyUsed,The redemption code has been used,,兌換碼已被使用,,,,
,,,,,,,
#NewbieQuestEvent,,,,,,,
NewbieQuestEvent_1_Day1,Day 1,,第一天,,,,
NewbieQuestEvent_1_Day2,Day 2,,第二天,,,,
NewbieQuestEvent_1_Day3,Day 3,,第三天,,,,
NewbieQuestEvent_1_Day4,Day 4,,第四天,,,,
NewbieQuestEvent_1_Day5,Day 5,,第五天,,,,
NewbieQuestEvent_1_Day6,Day 6,,第六天,,,,
NewbieQuestEvent_1_Day7,Day 7,,第七天,,,,
NewbieQuestEvent_2_Day1,Day 8,,第八天,,,,
NewbieQuestEvent_2_Day2,Day 9,,第九天,,,,
NewbieQuestEvent_2_Day3,Day 10,,第十天,,,,
NewbieQuestEvent_2_Day4,Day 11,,第十一天,,,,
NewbieQuestEvent_2_Day5,Day 12,,第十二天,,,,
NewbieQuestEvent_2_Day6,Day 13,,第十三天,,,,
NewbieQuestEvent_2_Day7,Day 14,,第十四天,,,,
NewbieQuestEventGrowthQuest,Growth tasks,,成長任務,,,,
NewbieQuestEventChallengeQuest,Today's challenge,,今日挑戰,,,,
NewbieQuestEventQuestCount,{0}/{1},,{0}/{1},,,,
NewbieQuestEventQuestClaim,Receive,,領取,,,,
NewbieQuestEventQuestRedirect,Go to,,前往,,,,
NewbieQuestEventQuestNotStart,Not started,,未開始,,,,
NewbieQuestEventQuestNotFinish,Unfinished,,未完成,,,,
NewbieQuestEventQuestEnd,Finished,,已完結,,,,
NewbieQuestEventGetSkin,Get skin >>,,獲得造型 >>,,,,
NewbieQuestEventRemainTime,Time left: ,,剩餘時間: ,,,,
NewbieQuestEventNotStart,Not started,,未開始,,,,
NewbieQuestEventEnd,Finished,,已完結,,,,
NewbieQuestEventChallengeQuestRemainTime,Time left: ,,剩餘時間: ,,,,
NewbieQuestEventChallengeQuestNotStart,Not started,,未開始,,,,
NewbieQuestEventChallengeQuestEnd,Finished,,已完結,,,,
NewbieQuestEventTitle_1,7 days opening ceremony,,七天開幕禮,,,,
NewbieQuestEventTitle_2,Fourteen days of carnival,,十四天嘉年華,,,,
,,,,,,,
NEWBIE_QUEST_EVENT_POINT_1,Novice point,,新手點,,,,
NEWBIE_QUEST_EVENT_POINT_2,Target,,目標點,,,,
,,,,,,,
NewbieQuestEventQuestName_1,Log in to the game,,登入遊戲,,,,
NewbieQuestEventQuestName_2,Upgrade Star God,,升級星神,,,,
NewbieQuestEventQuestName_3,Advanced Star God,,進階星神,,,,
NewbieQuestEventQuestName_4,Basic equipment,,基礎裝備,,,,
NewbieQuestEventQuestName_5,Main line progress,,主線進度,,,,
NewbieQuestEventQuestName_6,Styx Progress,,冥河進度,,,,
NewbieQuestEventQuestName_7,Star God Summons,,星神召喚,,,,
NewbieQuestEventQuestName_8,Strengthen equipment,,強化裝備,,,,
NewbieQuestEventQuestName_9,Log in to the game,,登入遊戲,,,,
NewbieQuestEventQuestName_11,Main line progress,,主線進度,,,,
NewbieQuestEventQuestName_12,Styx Progress,,冥河進度,,,,
NewbieQuestEventQuestName_13,Zodiac sign,,十二星宮,,,,
NewbieQuestEventQuestName_14,Advanced Star God,,進階星神,,,,
NewbieQuestEventQuestName_15,Rare equipment,,稀有裝備,,,,
NewbieQuestEventQuestName_16,Overload equipment,,超載裝備,,,,
NewbieQuestEventQuestName_17,Log in to the game,,登入遊戲,,,,
NewbieQuestEventQuestName_18,Main line progress,,主線進度,,,,
NewbieQuestEventQuestName_19,Styx Progress,,冥河進度,,,,
NewbieQuestEventQuestName_20,Arena Challenge,,鬥技場挑戰,,,,
NewbieQuestEventQuestName_21,Advanced Star God,,進階星神,,,,
NewbieQuestEventQuestName_24,Ascension to Godhead,,神格晉升,,,,
NewbieQuestEventQuestName_25,Log in to the game,,登入遊戲,,,,
NewbieQuestEventQuestName_26,Main line progress,,主線進度,,,,
NewbieQuestEventQuestName_27,Styx Progress,,冥河進度,,,,
NewbieQuestEventQuestName_30,Arena Challenge,,鬥技場挑戰,,,,
NewbieQuestEventQuestName_31,Advanced Star God,,進階星神,,,,
NewbieQuestEventQuestName_33,Log in to the game,,登入遊戲,,,,
NewbieQuestEventQuestName_34,Main line progress,,主線進度,,,,
NewbieQuestEventQuestName_35,Styx Progress,,冥河進度,,,,
NewbieQuestEventQuestName_36,Apostle loyalty,,使徒忠誠度,,,,
NewbieQuestEventQuestName_37,Ascension to Godhead,,神格晉升,,,,
NewbieQuestEventQuestName_38,Overload equipment,,超載裝備,,,,
NewbieQuestEventQuestName_39,Equipment engraving,,裝備刻印,,,,
NewbieQuestEventQuestName_40,Log in to the game,,登入遊戲,,,,
NewbieQuestEventQuestName_41,Main line progress,,主線進度,,,,
NewbieQuestEventQuestName_42,Styx Progress,,冥河進度,,,,
NewbieQuestEventQuestName_43,Arena Challenge,,鬥技場挑戰,,,,
NewbieQuestEventQuestName_45,Advanced Star God,,進階星神,,,,
NewbieQuestEventQuestName_46,Rare equipment,,稀有裝備,,,,
NewbieQuestEventQuestName_48,Log in to the game,,登入遊戲,,,,
NewbieQuestEventQuestName_49,Main line progress,,主線進度,,,,
NewbieQuestEventQuestName_50,Styx Progress,,冥河進度,,,,
NewbieQuestEventQuestName_51,Apostolic Relations,,使徒關係,,,,
NewbieQuestEventQuestName_53,Arena Challenge,,鬥技場挑戰,,,,
NewbieQuestEventQuestName_54,Log in to the game,,登入遊戲,,,,
NewbieQuestEventQuestName_55,Main line progress,,主線進度,,,,
NewbieQuestEventQuestName_57,Arena Challenge,,鬥技場挑戰,,,,
NewbieQuestEventQuestName_58,Elite equipment,,精英裝備,,,,
NewbieQuestEventQuestName_59,Equipment engraving,,裝備刻印,,,,
NewbieQuestEventQuestName_61,Log in to the game,,登入遊戲,,,,
NewbieQuestEventQuestName_62,Main line progress,,主線進度,,,,
NewbieQuestEventQuestName_63,Styx Progress,,冥河進度,,,,
NewbieQuestEventQuestName_64,Apostle loyalty,,使徒忠誠度,,,,
NewbieQuestEventQuestName_65,Arena Challenge,,鬥技場挑戰,,,,
NewbieQuestEventQuestName_66,Advanced Star God,,進階星神,,,,
NewbieQuestEventQuestName_67,Elite equipment,,精英裝備,,,,
NewbieQuestEventQuestName_69,Log in to the game,,登入遊戲,,,,
NewbieQuestEventQuestName_70,Main line progress,,主線進度,,,,
NewbieQuestEventQuestName_71,Styx Progress,,冥河進度,,,,
NewbieQuestEventQuestName_73,Arena Challenge,,鬥技場挑戰,,,,
NewbieQuestEventQuestName_74,Strengthen equipment,,強化裝備,,,,
NewbieQuestEventQuestName_77,Log in to the game,,登入遊戲,,,,
NewbieQuestEventQuestName_78,Main line progress,,主線進度,,,,
NewbieQuestEventQuestName_79,Styx Progress,,冥河進度,,,,
NewbieQuestEventQuestName_81,Arena Challenge,,鬥技場挑戰,,,,
NewbieQuestEventQuestName_83,Advanced Star God,,進階星神,,,,
NewbieQuestEventQuestName_85,Log in to the game,,登入遊戲,,,,
NewbieQuestEventQuestName_86,Main line progress,,主線進度,,,,
NewbieQuestEventQuestName_87,Styx Progress,,冥河進度,,,,
NewbieQuestEventQuestName_89,Arena Challenge,,鬥技場挑戰,,,,
NewbieQuestEventQuestName_91,Elite equipment,,精英裝備,,,,
NewbieQuestEventQuestName_93,Log in to the game,,登入遊戲,,,,
NewbieQuestEventQuestName_94,Main line progress,,主線進度,,,,
NewbieQuestEventQuestName_95,Styx Progress,,冥河進度,,,,
NewbieQuestEventQuestName_97,Arena Challenge,,鬥技場挑戰,,,,
NewbieQuestEventQuestName_99,Elite equipment,,精英裝備,,,,
NewbieQuestEventQuestName_101,Log in to the game,,登入遊戲,,,,
NewbieQuestEventQuestName_102,Main line progress,,主線進度,,,,
NewbieQuestEventQuestName_103,Styx Progress,,冥河進度,,,,
NewbieQuestEventQuestName_105,Arena Challenge,,鬥技場挑戰,,,,
NewbieQuestEventQuestName_106,Ascension to Godhead,,神格晉升,,,,
NewbieQuestEventQuestName_110,Play mini games,,遊玩小遊戲,,,,
NewbieQuestEventQuestName_112,Apostolic conversation,,使徒交談,,,,
NewbieQuestEventQuestName_114,Owns SSR Star God,,擁有SSR星神,,,,
NewbieQuestEventQuestName_116,Ascension to Godhead,,神格晉升,,,,
NewbieQuestEventQuestName_118,Grade improvement,,等級提升,,,,
NewbieQuestEventQuestName_120,Star God Archives,,星神檔案,,,,
NewbieQuestEventQuestName_122,Apostolic conversation,,使徒交談,,,,
NewbieQuestEventQuestName_124,Zodiac sign,,十二星宮,,,,
NewbieQuestEventQuestName_126,Legion activities,,軍團活動,,,,
NewbieQuestEventQuestName_128,Grade improvement,,等級提升,,,,
NewbieQuestEventQuestName_130,Grade improvement,,等級提升,,,,
NewbieQuestEventQuestName_132,Arena Ranking,,鬥技場排名,,,,
NewbieQuestEventQuestName_134,Grade of Contract,,契约紋Grade,,,,
NewbieQuestEventQuestName_136,Grade improvement,,等級提升,,,,
NewbieQuestEventQuestName_138,Arena Ranking,,鬥技場排名,,,,
NewbieQuestEventQuestName_140,Play mini games,,遊玩小遊戲,,,,
NewbieQuestEventQuestName_142,Legion activities,,軍團活動,,,,
NewbieQuestEventQuestName_144,Strengthen the Beast God,,強化獸神,,,,
NewbieQuestEventQuestName_146,Grade improvement,,等級提升,,,,
NewbieQuestEventQuestName_148,Apostolic conversation,,使徒交談,,,,
NewbieQuestEventQuestName_150,Send gifts,,贈送禮物,,,,
NewbieQuestEventQuestName_152,Star God Archives,,星神檔案,,,,
NewbieQuestEventQuestName_154,Grade improvement,,等級提升,,,,
NewbieQuestEventQuestName_156,Get Skin,,獲得造型,,,,
NewbieQuestEventQuestName_160,Have a Star God,,擁有星神,,,,
NewbieQuestEventQuestName_162,Grade improvement,,等級提升,,,,
NewbieQuestEventQuestName_163,Send gifts,,贈送禮物,,,,
NewbieQuestEventQuestName_164,Legion activities,,軍團活動,,,,
NewbieQuestEventQuestName_165,Have a Star God,,擁有星神,,,,
NewbieQuestEventQuestName_166,Grade improvement,,等級提升,,,,
NewbieQuestEventQuestName_167,Apostolic conversation,,使徒交談,,,,
NewbieQuestEventQuestName_168,Have a beast god,,擁有獸神,,,,
NewbieQuestEventQuestName_169,Grade improvement,,等級提升,,,,
NewbieQuestEventQuestName_170,Grade of Contract,,契约紋Grade,,,,
NewbieQuestEventQuestName_171,Arena Ranking,,鬥技場排名,,,,
NewbieQuestEventQuestName_172,Play mini games,,遊玩小遊戲,,,,
NewbieQuestEventQuestName_173,Have a Star God,,擁有星神,,,,
NewbieQuestEventQuestName_174,Grade improvement,,等級提升,,,,
NewbieQuestEventQuestName_175,Have a beast god,,擁有獸神,,,,
NewbieQuestEventQuestName_176,Grade improvement,,等級提升,,,,
NewbieQuestEventQuestName_177,Legion activities,,軍團活動,,,,
NewbieQuestEventQuestName_178,Send gifts,,贈送禮物,,,,
NewbieQuestEventQuestName_179,Grade of Contract,,契约紋Grade,,,,
NewbieQuestEventQuestName_180,Grade improvement,,等級提升,,,,
NewbieQuestEventQuestName_181,Legion activities,,軍團活動,,,,
NewbieQuestEventQuestName_182,Have a beast god,,擁有獸神,,,,
NewbieQuestEventQuestName_183,Grade improvement,,等級提升,,,,
NewbieQuestEventQuestName_184,Improve combat effectiveness,,提升戰力,,,,
NewbieQuestEventQuestName_185,Grade improvement,,等級提升,,,,
NewbieQuestEventQuestName_186,Improve combat effectiveness,,提升戰力,,,,
NewbieQuestEventQuestName_187,Gather Star Gods,,星神集結,,,,
NewbieQuestEventQuestName_188,Gather Star Gods,,星神集結,,,,
NewbieQuestEventQuestName_189,Gather Star Gods,,星神集結,,,,
,,,,,,,
NewbieQuestEventQuestDesc_1,Log into the game for 1 day,,登入遊戲1天,,,,
NewbieQuestEventQuestDesc_2,Has 6 level 25 Star Gods,,擁有6名25級星神,,,,
NewbieQuestEventQuestDesc_3,Has 2 advanced + 3 star gods,,擁有2名進階+3星神,,,,
NewbieQuestEventQuestDesc_4,Equip 12 pieces of normal or above equipment,,裝備12件普通以上裝備,,,,
NewbieQuestEventQuestDesc_5,Pass Main Story Chapter 8,,通過主線第8章,,,,
NewbieQuestEventQuestDesc_6,Pass through Styx level 40,,通過冥河第40層,,,,
NewbieQuestEventQuestDesc_7,Star God Summons 20 times,,星神召喚20次,,,,
NewbieQuestEventQuestDesc_8,Strengthen 12 pieces of equipment to level 40,,強化12件裝備至40級,,,,
NewbieQuestEventQuestDesc_9,Log in to the game2天,,登入遊戲2天,,,,
NewbieQuestEventQuestDesc_11,通过主线第12章,,通過主線第12章,,,,
NewbieQuestEventQuestDesc_12,通过冥河第80层,,通過冥河第80層,,,,
NewbieQuestEventQuestDesc_13,Zodiac sign通关1次,,十二星宮通關1次,,,,
NewbieQuestEventQuestDesc_14,拥有2名进阶+4星神,,擁有2名進階+4星神,,,,
NewbieQuestEventQuestDesc_15,装备2件稀有以上装备,,裝備2件稀有以上裝備,,,,
NewbieQuestEventQuestDesc_16,超载24件装备至+2,,超載24件裝備至+2,,,,
NewbieQuestEventQuestDesc_17,Log in to the game3天,,登入遊戲3天,,,,
NewbieQuestEventQuestDesc_18,通过主线第16章,,通過主線第16章,,,,
NewbieQuestEventQuestDesc_19,通过冥河第100层,,通過冥河第100層,,,,
NewbieQuestEventQuestDesc_20,累计Arena Challenge10次,,累計鬥技場挑戰10次,,,,
NewbieQuestEventQuestDesc_21,拥有4名进阶+4星神,,擁有4名進階+4星神,,,,
NewbieQuestEventQuestDesc_24,头衔晋升【见习神】,,頭銜晉升【見習神】,,,,
NewbieQuestEventQuestDesc_25,Log in to the game4天,,登入遊戲4天,,,,
NewbieQuestEventQuestDesc_26,通过主线第20章,,通過主線第20章,,,,
NewbieQuestEventQuestDesc_27,通过冥河第120层,,通過冥河第120層,,,,
NewbieQuestEventQuestDesc_30,累计Arena Challenge15次,,累計鬥技場挑戰15次,,,,
NewbieQuestEventQuestDesc_31,拥有1名进阶+5星神,,擁有1名進階+5星神,,,,
NewbieQuestEventQuestDesc_33,Log in to the game5天,,登入遊戲5天,,,,
NewbieQuestEventQuestDesc_34,通过主线第24章,,通過主線第24章,,,,
NewbieQuestEventQuestDesc_35,通过冥河第140层,,通過冥河第140層,,,,
NewbieQuestEventQuestDesc_36,Apostle loyaltyGrade到达Grade10,,使徒忠誠度等級到達等級10,,,,
NewbieQuestEventQuestDesc_37,头衔晋升【一级神】,,頭銜晉升【一級神】,,,,
NewbieQuestEventQuestDesc_38,超载24件装备至+4,,超載24件裝備至+4,,,,
NewbieQuestEventQuestDesc_39,1件装备光刻至精度A0阶,,1件裝備光刻至精度A0階,,,,
NewbieQuestEventQuestDesc_40,Log in to the game6天,,登入遊戲6天,,,,
NewbieQuestEventQuestDesc_41,通过主线第28章,,通過主線第28章,,,,
NewbieQuestEventQuestDesc_42,通过冥河第160层,,通過冥河第160層,,,,
NewbieQuestEventQuestDesc_43,累计Arena Challenge20次,,累計鬥技場挑戰20次,,,,
NewbieQuestEventQuestDesc_45,拥有4名进阶+5星神,,擁有4名進階+5星神,,,,
NewbieQuestEventQuestDesc_46,装备16件稀有以上装备,,裝備16件稀有以上裝備,,,,
NewbieQuestEventQuestDesc_48,Log in to the game7天,,登入遊戲7天,,,,
NewbieQuestEventQuestDesc_49,通过主线第32章,,通過主線第32章,,,,
NewbieQuestEventQuestDesc_50,通过冥河第180层,,通過冥河第180層,,,,
NewbieQuestEventQuestDesc_51,使徒Relationship Level 提升1次,,使徒關係等級提升1次,,,,
NewbieQuestEventQuestDesc_53,累计Arena Challenge25次,,累計鬥技場挑戰25次,,,,
NewbieQuestEventQuestDesc_54,Log in to the game8天,,登入遊戲8天,,,,
NewbieQuestEventQuestDesc_55,共通过主线第36章,,共通過主線第36章,,,,
NewbieQuestEventQuestDesc_57,累计Arena Challenge35次,,累計鬥技場挑戰35次,,,,
NewbieQuestEventQuestDesc_58,装备2件精英以上装备,,裝備2件精英以上裝備,,,,
NewbieQuestEventQuestDesc_59,4件装备光刻至精度A0阶,,4件裝備光刻至精度A0階,,,,
NewbieQuestEventQuestDesc_61,Log in to the game9天,,登入遊戲9天,,,,
NewbieQuestEventQuestDesc_62,共通过主线第38章,,共通過主線第38章,,,,
NewbieQuestEventQuestDesc_63,共通过冥河第240层,,共通過冥河第240層,,,,
NewbieQuestEventQuestDesc_64,Apostle loyaltyGrade到达Grade20,,使徒忠誠度等級到達等級20,,,,
NewbieQuestEventQuestDesc_65,累计Arena Challenge40次,,累計鬥技場挑戰40次,,,,
NewbieQuestEventQuestDesc_66,拥有1名进阶+6星神,,擁有1名進階+6星神,,,,
NewbieQuestEventQuestDesc_67,装备4件精英以上装备,,裝備4件精英以上裝備,,,,
NewbieQuestEventQuestDesc_69,Log in to the game10天,,登入遊戲10天,,,,
NewbieQuestEventQuestDesc_70,共通过主线第40章,,共通過主線第40章,,,,
NewbieQuestEventQuestDesc_71,共通过冥河第280层,,共通過冥河第280層,,,,
NewbieQuestEventQuestDesc_73,累计Arena Challenge50次,,累計鬥技場挑戰50次,,,,
NewbieQuestEventQuestDesc_74,强化24件装备至100级,,強化24件裝備至100級,,,,
NewbieQuestEventQuestDesc_77,Log in to the game11天,,登入遊戲11天,,,,
NewbieQuestEventQuestDesc_78,通过主线第42章,,通過主線第42章,,,,
NewbieQuestEventQuestDesc_79,通过冥河第320层,,通過冥河第320層,,,,
NewbieQuestEventQuestDesc_81,累计Arena Challenge55次,,累計鬥技場挑戰55次,,,,
NewbieQuestEventQuestDesc_83,拥有4名进阶+6星神,,擁有4名進階+6星神,,,,
NewbieQuestEventQuestDesc_85,Log in to the game12天,,登入遊戲12天,,,,
NewbieQuestEventQuestDesc_86,通过主线第44章,,通過主線第44章,,,,
NewbieQuestEventQuestDesc_87,通过冥河第360层,,通過冥河第360層,,,,
NewbieQuestEventQuestDesc_89,累计Arena Challenge60次,,累計鬥技場挑戰60次,,,,
NewbieQuestEventQuestDesc_91,装备8件精英以上装备,,裝備8件精英以上裝備,,,,
NewbieQuestEventQuestDesc_93,Log in to the game13天,,登入遊戲13天,,,,
NewbieQuestEventQuestDesc_94,通过主线第46章,,通過主線第46章,,,,
NewbieQuestEventQuestDesc_95,通过冥河第380层,,通過冥河第380層,,,,
NewbieQuestEventQuestDesc_97,累计Arena Challenge65次,,累計鬥技場挑戰65次,,,,
NewbieQuestEventQuestDesc_99,装备12件精英以上装备,,裝備12件精英以上裝備,,,,
NewbieQuestEventQuestDesc_101,Log in to the game14天,,登入遊戲14天,,,,
NewbieQuestEventQuestDesc_102,通过主线第48章,,通過主線第48章,,,,
NewbieQuestEventQuestDesc_103,通过冥河第400层,,通過冥河第400層,,,,
NewbieQuestEventQuestDesc_105,累计Arena Challenge70次,,累計鬥技場挑戰70次,,,,
NewbieQuestEventQuestDesc_106,头衔晋升【三级神】,,頭銜晉升【三級神】,,,,
NewbieQuestEventQuestDesc_110,Play mini games2次,,遊玩小遊戲2次,,,,
NewbieQuestEventQuestDesc_112,与Apostolic conversation1次,,與使徒交談1次,,,,
NewbieQuestEventQuestDesc_114,拥有3个初始SSR星神,,擁有3個初始SSR星神,,,,
NewbieQuestEventQuestDesc_116,Ascension to Godhead【半神】,,神格晉升【半神】,,,,
NewbieQuestEventQuestDesc_118,玩家到达28级,,玩家到達28級,,,,
NewbieQuestEventQuestDesc_120,启动3个Star God Archives,,啟動3個星神檔案,,,,
NewbieQuestEventQuestDesc_122,与Apostolic conversation1次,,與使徒交談1次,,,,
NewbieQuestEventQuestDesc_124,Zodiac sign以18星以上通关,,十二星宮以18星以上通關,,,,
NewbieQuestEventQuestDesc_126,参加1次Legion activities,,參加1次軍團活動,,,,
NewbieQuestEventQuestDesc_128,玩家到达32级,,玩家到達32級,,,,
NewbieQuestEventQuestDesc_130,玩家到达35级,,玩家到達35級,,,,
NewbieQuestEventQuestDesc_132,Arena Ranking1000名内,,鬥技場排名1000名內,,,,
NewbieQuestEventQuestDesc_134,Grade of Contract达到LV7,,Grade of Contract达到LV7,,,,
NewbieQuestEventQuestDesc_136,玩家到达37级,,玩家到達37級,,,,
NewbieQuestEventQuestDesc_138,Arena Ranking800名内,,鬥技場排名800名內,,,,
NewbieQuestEventQuestDesc_140,Play mini games2次,,遊玩小遊戲2次,,,,
NewbieQuestEventQuestDesc_142,参加1次Legion activities,,參加1次軍團活動,,,,
NewbieQuestEventQuestDesc_144,Strengthen the Beast God一次 (神锻),,強化獸神一次 (神鍛),,,,
NewbieQuestEventQuestDesc_146,玩家到达40级,,玩家到達40級,,,,
NewbieQuestEventQuestDesc_148,与Apostolic conversation4次,,與使徒交談4次,,,,
NewbieQuestEventQuestDesc_150,赠送5件礼物予使徒,,贈送5件禮物予使徒,,,,
NewbieQuestEventQuestDesc_152,启动5个SSRStar God Archives,,啟動5個SSR星神檔案,,,,
NewbieQuestEventQuestDesc_154,玩家到达42级,,玩家到達42級,,,,
NewbieQuestEventQuestDesc_156,获得英仙座．Perseus造型,,獲得英仙座．Perseus造型,,,,
NewbieQuestEventQuestDesc_160,拥有2个5星星神,,擁有2個5星星神,,,,
NewbieQuestEventQuestDesc_162,玩家到达44级,,玩家到達44級,,,,
NewbieQuestEventQuestDesc_163,赠送5件礼物予使徒,,贈送5件禮物予使徒,,,,
NewbieQuestEventQuestDesc_164,参加1次Legion activities,,參加1次軍團活動,,,,
NewbieQuestEventQuestDesc_165,拥有6个初始SSR星神,,擁有6個初始SSR星神,,,,
NewbieQuestEventQuestDesc_166,玩家到达45级,,玩家到達45級,,,,
NewbieQuestEventQuestDesc_167,与Apostolic conversation4次,,與使徒交談4次,,,,
NewbieQuestEventQuestDesc_168,拥有3个兽神,,擁有3個獸神,,,,
NewbieQuestEventQuestDesc_169,玩家到达47级,,玩家到達47級,,,,
NewbieQuestEventQuestDesc_170,Grade of Contract达到LV14,,Grade of Contract达到LV14,,,,
NewbieQuestEventQuestDesc_171,Arena Ranking300名内,,鬥技場排名300名內,,,,
NewbieQuestEventQuestDesc_172,Play mini games2次,,遊玩小遊戲2次,,,,
NewbieQuestEventQuestDesc_173,提升1个星神到UR1,,提升1個星神到UR1,,,,
NewbieQuestEventQuestDesc_174,玩家到达49级,,玩家到達49級,,,,
NewbieQuestEventQuestDesc_175,拥有1个2星兽神,,擁有1個2星獸神,,,,
NewbieQuestEventQuestDesc_176,玩家到达50级,,玩家到達50級,,,,
NewbieQuestEventQuestDesc_177,参加1次Legion activities,,參加1次軍團活動,,,,
NewbieQuestEventQuestDesc_178,赠送5件礼物予使徒,,贈送5件禮物予使徒,,,,
NewbieQuestEventQuestDesc_179,Grade of Contract达到LV16,,Grade of Contract达到LV16,,,,
NewbieQuestEventQuestDesc_180,玩家到达51级,,玩家到達51級,,,,
NewbieQuestEventQuestDesc_181,参加1次Legion activities,,參加1次軍團活動,,,,
NewbieQuestEventQuestDesc_182,拥有2个2星兽神,,擁有2個2星獸神,,,,
NewbieQuestEventQuestDesc_183,玩家到达53级,,玩家到達53級,,,,
NewbieQuestEventQuestDesc_184,战力达到100万,,戰力達到100萬,,,,
NewbieQuestEventQuestDesc_185,玩家到达54级,,玩家到達54級,,,,
NewbieQuestEventQuestDesc_186,战力达到40万,,戰力達到40萬,,,,
NewbieQuestEventQuestDesc_187,Gather Star Gods达至400积分,,星神集结达至400积分,,,,
NewbieQuestEventQuestDesc_188,Gather Star Gods达至600积分,,星神集结达至600积分,,,,
NewbieQuestEventQuestDesc_189,Gather Star Gods达至800积分,,星神集结达至800积分,,,,
,,,,,,,
,,,,,,,
,,,,,,,
,,,,,,,
,,,,,,,
,,,,,,,
,,,,,,,
,,,,,,,
,,,,,,,
,,,,,,,
,,,,,,,
,,,,,,,
,,,,,,,
,,,,,,,
,,,,,,,
,,,,,,,
,,,,,,,
,,,,,,,
,,,,,,,
,,,,,,,
,,,,,,,
,,,,,,,
,,,,,,,
,,,,,,,
,,,,,,,
,,,,,,,
,,,,,,,
,,,,,,,
,,,,,,,
,,,,,,,
,,,,,,,
,,,,,,,
,,,,,,,
,,,,,,,
,,,,,,,
,,,,,,,
,,,,,,,
,,,,,,,
,,,,,,,
,,,,,,,
,,,,,,,
,,,,,,,
,,,,,,,
,,,,,,,
,,,,,,,
,,,,,,,
,,,,,,,
,,,,,,,
,,,,,,,
,,,,,,,
,,,,,,,
,,,,,,,
,,,,,,,
,,,,,,,
,,,,,,,
,,,,,,,
,,,,,,,
,,,,,,,
,,,,,,,
,,,,,,,
,,,,,,,
,,,,,,,
,,,,,,,
,,,,,,,
,,,,,,,
,,,,,,,
,,,,,,,
,,,,,,,
,,,,,,,
,,,,,,,
,,,,,,,
,,,,,,,
,,,,,,,
,,,,,,,
,,,,,,,
,,,,,,,
,,,,,,,
,,,,,,,
,,,,,,,
,,,,,,,
,,,,,,,
,,,,,,,
,,,,,,,
,,,,,,,
,,,,,,,
,,,,,,,
,,,,,,,
,,,,,,,
,,,,,,,
,,,,,,,
,,,,,,,
,,,,,,,
,,,,,,,
,,,,,,,
,,,,,,,
,,,,,,,
,,,,,,,
,,,,,,,
,,,,,,,
,,,,,,,
,,,,,,,
,,,,,,,
,,,,,,,
,,,,,,,
,,,,,,,
,,,,,,,
,,,,,,,
,,,,,,,
,,,,,,,
,,,,,,,
,,,,,,,
,,,,,,,
,,,,,,,
,,,,,,,
,,,,,,,
,,,,,,,
,,,,,,,
,,,,,,,
,,,,,,,
,,,,,,,
,,,,,,,
,,,,,,,
,,,,,,,
,,,,,,,
,,,,,,,
,,,,,,,
,,,,,,,
,,,,,,,
,,,,,,,
,,,,,,,
,,,,,,,
,,,,,,,
,,,,,,,
,,,,,,,
,,,,,,,
,,,,,,,
,,,,,,,
,,,,,,,
,,,,,,,
,,,,,,,
,,,,,,,
,,,,,,,
,,,,,,,
,,,,,,,
,,,,,,,
,,,,,,,
,,,,,,,
,,,,,,,
,,,,,,,
,,,,,,,
,,,,,,,
,,,,,,,
,,,,,,,
,,,,,,,
,,,,,,,
,,,,,,,
,,,,,,,
,,,,,,,
,,,,,,,
,,,,,,,
,,,,,,,
,,,,,,,
,,,,,,,
,,,,,,,
,,,,,,,
,,,,,,,
,,,,,,,
,,,,,,,
,,,,,,,
,,,,,,,
,,,,,,,
,,,,,,,
,,,,,,,
,,,,,,,
,,,,,,,