common_itemName_Daily_Activity_Point,活跃度,,活躍度,,,,
,,,,,,,
#UserProfilePopup,,,,,,,
UserProfilePopupTitle,更多,,更多,,,,
UserProfilePopupTitleLevel,Grade:,,等級:,,,,
UserProfilePopupTitleServer,伺服器:,,伺服器:,,,,
UserProfilePopupTitleBattlePower,战力:,,戰力:,,,,
UserProfilePopupTitleGuild,公会:,,公會:,,,,
UserProfilePopupButtonChat,聊天,,聊天,,,,
UserProfilePopupButtonAddFriend,加为好友,,加為好友,,,,
UserProfilePopupButtonBlacklist,加入黑名单,,加入黑名單,,,,
UserProfilePopupButtonPvp,模拟战,,模擬戰,,,,
UserProfilePopupButtonCheckTeam,查看队伍,,查看隊伍,,,,
UserProfilePopupButtonCompare,实力比较,,實力比較,,,,
UserProfilePopup_NoGuild,未加入公会,,未加入公會,,,,
UserProfilePopup_ChatNotOpen,通关第8章后解锁聊天功能,,通關第8章後解鎖聊天功能,,,,
,,,,,,,
#Store,,,,,,,
StorePageTitle,Mall,,商城,,,,
StorePage_MonthlyCard_Page,Monthly Card,,月卡,,,,
StorePage_PackageStore_Page,Gift Shop,,禮包商店,,,,
StorePage_TriggerPackage_Page,限时礼包,,限時禮包,,,,
StorePage_ExchangeStore_Page,<size=16>Limited time gift pack</size>,,兌換商店,,,,
StorePage_BattlePass_Page,Oracle,,神諭,,,,
StorePage_Topup_Page,<size=16>First top-up reward</size>,,首儲獎勵,,,,
StorePage_Charge_Page,Redeem code,,兌換碼,,,,
StorePage_TimeLimitedStore,The city that never sleeps,,不夜之城,,,,
,,,,,,,
#Topup,,,,,,,
Topup_RemainTime,剩余时间 :,,剩餘時間 :,,,,
Topup_TabBar_Text_1,首储福利,,首儲福利,,,,
Topup_TabBar_Text_2,累储福利,,累儲福利,,,,
Topup_TabBar_Text_3,累储福利二,,累儲福利二,,,,
Topup_TabBar_Text_4,累储福利三,,累儲福利三,,,,
Topup_TabBar_Text_5,累储福利四,,累儲福利四,,,,
Topup_TabBar_Text_6,累储福利五,,累儲福利五,,,,
Topup_FirstTopup_Tips_1,登入3天，领取<size=30><#33eeee>2000</color></size>日冕石！,,登入3天，領取<size=30><#33eeee>2000</color></size>日冕石！,,,,
Topup_FirstTopup_Tips_2,消费OP币，送<size=36><#FFF71C>SSR</color></size>星神！,,消費OP幣，送<size=36><#FFF71C>SSR</color></size>星神！,,,,
Topup_FirstTopup_Tips_3,消费OP币，送<size=36><#FFF71C>SSR</color></size>星神及海量<#26EE62>神气石</color>！,,消費OP幣，送<size=36><#FFF71C>SSR</color></size>星神及海量<#26EE62>神氣石</color>！,,,,
Topup_FirstTopup_Tips_4,消费OP币，即领<size=36><#FFF71C>SSR</color></size>星神！,,消費OP幣，即領<size=36><#FFF71C>SSR</color></size>星神！,,,,
Topup_FirstTopup_Tips_5,消费OP币，领<size=36><#FFF71C>SSR</color></size>星神及海量<#26EE62>神气石</color>！,,消費OP幣，領<size=36><#FFF71C>SSR</color></size>星神及海量<#26EE62>神氣石</color>！,,,,
Topup_FirstTopup_Tips_6,消费OP币，领<size=36><#FFF71C>SSR</color></size>兽神及<size=36><#FFF71C>SSR</color></size>星神！,,消費OP幣，領<size=36><#FFF71C>SSR</color></size>獸神及<size=36><#FFF71C>SSR</color></size>星神！,,,,
#PackageStore,,,,,,,
PackageStore_packageStoreTab,礼包商店,,禮包商店,,,,
PackageStore_gemStoreTab,日冕商店,,日冕商店,,,,
PackageStore_dailyWishTab,每日观星,,每日觀星,,,,
PackageStore_topupStoreTab,储值,,儲值,,,,
PackageStore_newbiePackageTab,新手礼包,,新手禮包,,,,
PackageStore_UREventTab,星神征途,,星神征途,,,,
PackageStore_SpiritTab,星魂召唤,,星魂召喚,,,,
,,,,,,,
#TriggerPackage,,,,,,,
TriggerPackagePopup_reward_title,购买后立即获得,,購買後立即獲得,,,,
TirggerPackagePopup_remain_time,礼包消失 : {0},,禮包消失 : {0},,,,
TriggerPackagePopup_end,活动已完结,,活動已完結,,,,
,,,,,,,
#TriggerPackage_TalkBox,,,,,,,
TriggerPackagePopup_TalkBox_39,恭喜达到20级，为您献上超值折扣礼包，助您快速通关!,,恭喜達到20級，為您獻上超值折扣禮包，助您快速通關!,,,,
TriggerPackagePopup_TalkBox_40,恭喜达到20级，为您献上超值折扣礼包，助您快速通关!!,,恭喜達到20級，為您獻上超值折扣禮包，助您快速通關!!,,,,
TriggerPackagePopup_TalkBox_41,恭喜达到20级，为您献上超值折扣礼包，助您快速通关!!!,,恭喜達到20級，為您獻上超值折扣禮包，助您快速通關!!!,,,,
TriggerPackagePopup_TalkBox_42,恭喜达到20级，为您献上超值折扣礼包，助您快速通关!!!!,,恭喜達到20級，為您獻上超值折扣禮包，助您快速通關!!!!,,,,
TriggerPackagePopup_TalkBox_43,恭喜达到20级，为您献上超值折扣礼包，助您快速通关！,,恭喜達到20級，為您獻上超值折扣禮包，助您快速通關！,,,,
TriggerPackagePopup_TalkBox_44,恭喜达到20级，为您献上超值折扣礼包，助您快速通关！！,,恭喜達到20級，為您獻上超值折扣禮包，助您快速通關！ ！,,,,
TriggerPackagePopup_TalkBox_45,恭喜达到30级，为您献上超值折扣礼包，助您快速通关!,,恭喜達到30級，為您獻上超值折扣禮包，助您快速通關!,,,,
TriggerPackagePopup_TalkBox_46,恭喜达到30级，为您献上超值折扣礼包，助您快速通关!!,,恭喜達到30級，為您獻上超值折扣禮包，助您快速通關!!,,,,
TriggerPackagePopup_TalkBox_47,恭喜达到30级，为您献上超值折扣礼包，助您快速通关!!!,,恭喜達到30級，為您獻上超值折扣禮包，助您快速通關!!!,,,,
TriggerPackagePopup_TalkBox_48,恭喜达到30级，为您献上超值折扣礼包，助您快速通关!!!!,,恭喜達到30級，為您獻上超值折扣禮包，助您快速通關!!!!,,,,
TriggerPackagePopup_TalkBox_49,恭喜达到30级，为您献上超值折扣礼包，助您快速通关！,,恭喜達到30級，為您獻上超值折扣禮包，助您快速通關！,,,,
TriggerPackagePopup_TalkBox_50,恭喜达到30级，为您献上超值折扣礼包，助您快速通关！！,,恭喜達到30級，為您獻上超值折扣禮包，助您快速通關！ ！,,,,
TriggerPackagePopup_TalkBox_51,恭喜达到35级，为您献上超值折扣礼包，助您快速通关!,,恭喜達到35級，為您獻上超值折扣禮包，助您快速通關!,,,,
TriggerPackagePopup_TalkBox_52,恭喜达到35级，为您献上超值折扣礼包，助您快速通关!!,,恭喜達到35級，為您獻上超值折扣禮包，助您快速通關!!,,,,
TriggerPackagePopup_TalkBox_53,恭喜达到35级，为您献上超值折扣礼包，助您快速通关!!!,,恭喜達到35級，為您獻上超值折扣禮包，助您快速通關!!!,,,,
TriggerPackagePopup_TalkBox_54,恭喜达到35级，为您献上超值折扣礼包，助您快速通关!!!!,,恭喜達到35級，為您獻上超值折扣禮包，助您快速通關!!!!,,,,
TriggerPackagePopup_TalkBox_55,恭喜达到35级，为您献上超值折扣礼包，助您快速通关！,,恭喜達到35級，為您獻上超值折扣禮包，助您快速通關！,,,,
TriggerPackagePopup_TalkBox_56,恭喜达到35级，为您献上超值折扣礼包，助您快速通关！！,,恭喜達到35級，為您獻上超值折扣禮包，助您快速通關！ ！,,,,
TriggerPackagePopup_TalkBox_57,恭喜达到40级，为您献上超值折扣礼包，助您快速通关!,,恭喜達到40級，為您獻上超值折扣禮包，助您快速通關!,,,,
TriggerPackagePopup_TalkBox_58,恭喜达到40级，为您献上超值折扣礼包，助您快速通关!!,,恭喜達到40級，為您獻上超值折扣禮包，助您快速通關!!,,,,
TriggerPackagePopup_TalkBox_59,恭喜达到40级，为您献上超值折扣礼包，助您快速通关!!!,,恭喜達到40級，為您獻上超值折扣禮包，助您快速通關!!!,,,,
TriggerPackagePopup_TalkBox_60,恭喜达到40级，为您献上超值折扣礼包，助您快速通关!!!!,,恭喜達到40級，為您獻上超值折扣禮包，助您快速通關!!!!,,,,
TriggerPackagePopup_TalkBox_61,恭喜达到40级，为您献上超值折扣礼包，助您快速通关！,,恭喜達到40級，為您獻上超值折扣禮包，助您快速通關！,,,,
TriggerPackagePopup_TalkBox_62,恭喜达到40级，为您献上超值折扣礼包，助您快速通关！！,,恭喜達到40級，為您獻上超值折扣禮包，助您快速通關！ ！,,,,
TriggerPackagePopup_TalkBox_63,恭喜达到45级，为您献上超值折扣礼包，助您快速通关!,,恭喜達到45級，為您獻上超值折扣禮包，助您快速通關!,,,,
TriggerPackagePopup_TalkBox_64,恭喜达到45级，为您献上超值折扣礼包，助您快速通关!!,,恭喜達到45級，為您獻上超值折扣禮包，助您快速通關!!,,,,
TriggerPackagePopup_TalkBox_65,恭喜达到45级，为您献上超值折扣礼包，助您快速通关!!!,,恭喜達到45級，為您獻上超值折扣禮包，助您快速通關!!!,,,,
TriggerPackagePopup_TalkBox_66,恭喜达到45级，为您献上超值折扣礼包，助您快速通关!!!!,,恭喜達到45級，為您獻上超值折扣禮包，助您快速通關!!!!,,,,
TriggerPackagePopup_TalkBox_67,恭喜达到45级，为您献上超值折扣礼包，助您快速通关！,,恭喜達到45級，為您獻上超值折扣禮包，助您快速通關！,,,,
TriggerPackagePopup_TalkBox_68,恭喜达到45级，为您献上超值折扣礼包，助您快速通关！！,,恭喜達到45級，為您獻上超值折扣禮包，助您快速通關！ ！,,,,
TriggerPackagePopup_TalkBox_69,恭喜达到50级，为您献上超值折扣礼包，助您快速通关!,,恭喜達到50級，為您獻上超值折扣禮包，助您快速通關!,,,,
TriggerPackagePopup_TalkBox_70,恭喜达到50级，为您献上超值折扣礼包，助您快速通关!!,,恭喜達到50級，為您獻上超值折扣禮包，助您快速通關!!,,,,
TriggerPackagePopup_TalkBox_71,恭喜达到50级，为您献上超值折扣礼包，助您快速通关!!!,,恭喜達到50級，為您獻上超值折扣禮包，助您快速通關!!!,,,,
TriggerPackagePopup_TalkBox_72,恭喜达到50级，为您献上超值折扣礼包，助您快速通关!!!!,,恭喜達到50級，為您獻上超值折扣禮包，助您快速通關!!!!,,,,
TriggerPackagePopup_TalkBox_73,恭喜达到50级，为您献上超值折扣礼包，助您快速通关！,,恭喜達到50級，為您獻上超值折扣禮包，助您快速通關！,,,,
TriggerPackagePopup_TalkBox_74,恭喜达到50级，为您献上超值折扣礼包，助您快速通关！！,,恭喜達到50級，為您獻上超值折扣禮包，助您快速通關！ ！,,,,
TriggerPackagePopup_TalkBox_75,恭喜达到55级，为您献上超值折扣礼包，助您快速通关!,,恭喜達到55級，為您獻上超值折扣禮包，助您快速通關!,,,,
TriggerPackagePopup_TalkBox_76,恭喜达到55级，为您献上超值折扣礼包，助您快速通关!!,,恭喜達到55級，為您獻上超值折扣禮包，助您快速通關!!,,,,
TriggerPackagePopup_TalkBox_77,恭喜达到55级，为您献上超值折扣礼包，助您快速通关!!!,,恭喜達到55級，為您獻上超值折扣禮包，助您快速通關!!!,,,,
TriggerPackagePopup_TalkBox_78,恭喜达到55级，为您献上超值折扣礼包，助您快速通关!!!!,,恭喜達到55級，為您獻上超值折扣禮包，助您快速通關!!!!,,,,
TriggerPackagePopup_TalkBox_79,恭喜达到55级，为您献上超值折扣礼包，助您快速通关！,,恭喜達到55級，為您獻上超值折扣禮包，助您快速通關！,,,,
TriggerPackagePopup_TalkBox_80,恭喜达到55级，为您献上超值折扣礼包，助您快速通关！！,,恭喜達到55級，為您獻上超值折扣禮包，助您快速通關！ ！,,,,
TriggerPackagePopup_TalkBox_81,恭喜达到60级，为您献上超值折扣礼包，助您快速通关!,,恭喜達到60級，為您獻上超值折扣禮包，助您快速通關!,,,,
TriggerPackagePopup_TalkBox_82,恭喜达到60级，为您献上超值折扣礼包，助您快速通关!!,,恭喜達到60級，為您獻上超值折扣禮包，助您快速通關!!,,,,
TriggerPackagePopup_TalkBox_83,恭喜达到60级，为您献上超值折扣礼包，助您快速通关!!!,,恭喜達到60級，為您獻上超值折扣禮包，助您快速通關!!!,,,,
TriggerPackagePopup_TalkBox_84,恭喜达到60级，为您献上超值折扣礼包，助您快速通关!!!!,,恭喜達到60級，為您獻上超值折扣禮包，助您快速通關!!!!,,,,
TriggerPackagePopup_TalkBox_85,恭喜达到60级，为您献上超值折扣礼包，助您快速通关！,,恭喜達到60級，為您獻上超值折扣禮包，助您快速通關！,,,,
TriggerPackagePopup_TalkBox_86,恭喜达到60级，为您献上超值折扣礼包，助您快速通关！！,,恭喜達到60級，為您獻上超值折扣禮包，助您快速通關！ ！,,,,
TriggerPackagePopup_TalkBox_87,恭喜达到65级，为您献上超值折扣礼包，助您快速通关!,,恭喜達到65級，為您獻上超值折扣禮包，助您快速通關!,,,,
TriggerPackagePopup_TalkBox_88,恭喜达到65级，为您献上超值折扣礼包，助您快速通关!!,,恭喜達到65級，為您獻上超值折扣禮包，助您快速通關!!,,,,
TriggerPackagePopup_TalkBox_89,恭喜达到65级，为您献上超值折扣礼包，助您快速通关!!!,,恭喜達到65級，為您獻上超值折扣禮包，助您快速通關!!!,,,,
TriggerPackagePopup_TalkBox_90,恭喜达到65级，为您献上超值折扣礼包，助您快速通关!!!!,,恭喜達到65級，為您獻上超值折扣禮包，助您快速通關!!!!,,,,
TriggerPackagePopup_TalkBox_91,恭喜达到65级，为您献上超值折扣礼包，助您快速通关！,,恭喜達到65級，為您獻上超值折扣禮包，助您快速通關！,,,,
TriggerPackagePopup_TalkBox_92,恭喜达到65级，为您献上超值折扣礼包，助您快速通关！！,,恭喜達到65級，為您獻上超值折扣禮包，助您快速通關！ ！,,,,
TriggerPackagePopup_TalkBox_93,恭喜达到70级，为您献上超值折扣礼包，助您快速通关!,,恭喜達到70級，為您獻上超值折扣禮包，助您快速通關!,,,,
TriggerPackagePopup_TalkBox_94,恭喜达到70级，为您献上超值折扣礼包，助您快速通关!!,,恭喜達到70級，為您獻上超值折扣禮包，助您快速通關!!,,,,
TriggerPackagePopup_TalkBox_95,恭喜达到70级，为您献上超值折扣礼包，助您快速通关!!!,,恭喜達到70級，為您獻上超值折扣禮包，助您快速通關!!!,,,,
TriggerPackagePopup_TalkBox_96,恭喜达到70级，为您献上超值折扣礼包，助您快速通关!!!!,,恭喜達到70級，為您獻上超值折扣禮包，助您快速通關!!!!,,,,
TriggerPackagePopup_TalkBox_97,恭喜达到70级，为您献上超值折扣礼包，助您快速通关！,,恭喜達到70級，為您獻上超值折扣禮包，助您快速通關！,,,,
TriggerPackagePopup_TalkBox_98,恭喜达到70级，为您献上超值折扣礼包，助您快速通关！！,,恭喜達到70級，為您獻上超值折扣禮包，助您快速通關！ ！,,,,
TriggerPackagePopup_TalkBox_99,恭喜通关主线第20章，为您献上超值折扣礼包，助您快速通关!,,恭喜通關主線第20章，為您獻上超值折扣禮包，助您快速通關!,,,,
TriggerPackagePopup_TalkBox_100,恭喜通关主线第20章，为您献上超值折扣礼包，助您快速通关!!,,恭喜通關主線第20章，為您獻上超值折扣禮包，助您快速通關!!,,,,
TriggerPackagePopup_TalkBox_101,恭喜通关主线第20章，为您献上超值折扣礼包，助您快速通关!!!,,恭喜通關主線第20章，為您獻上超值折扣禮包，助您快速通關!!!,,,,
TriggerPackagePopup_TalkBox_102,恭喜通关主线第20章，为您献上超值折扣礼包，助您快速通关!!!!,,恭喜通關主線第20章，為您獻上超值折扣禮包，助您快速通關!!!!,,,,
TriggerPackagePopup_TalkBox_103,恭喜通关主线第20章，为您献上超值折扣礼包，助您快速通关！,,恭喜通關主線第20章，為您獻上超值折扣禮包，助您快速通關！,,,,
TriggerPackagePopup_TalkBox_104,恭喜通关主线第20章，为您献上超值折扣礼包，助您快速通关！！,,恭喜通關主線第20章，為您獻上超值折扣禮包，助您快速通關！ ！,,,,
TriggerPackagePopup_TalkBox_105,恭喜通关主线第30章，为您献上超值折扣礼包，助您快速通关!,,恭喜通關主線第30章，為您獻上超值折扣禮包，助您快速通關!,,,,
TriggerPackagePopup_TalkBox_106,恭喜通关主线第30章，为您献上超值折扣礼包，助您快速通关!!,,恭喜通關主線第30章，為您獻上超值折扣禮包，助您快速通關!!,,,,
TriggerPackagePopup_TalkBox_107,恭喜通关主线第30章，为您献上超值折扣礼包，助您快速通关!!!,,恭喜通關主線第30章，為您獻上超值折扣禮包，助您快速通關!!!,,,,
TriggerPackagePopup_TalkBox_108,恭喜通关主线第30章，为您献上超值折扣礼包，助您快速通关!!!!,,恭喜通關主線第30章，為您獻上超值折扣禮包，助您快速通關!!!!,,,,
TriggerPackagePopup_TalkBox_109,恭喜通关主线第30章，为您献上超值折扣礼包，助您快速通关！,,恭喜通關主線第30章，為您獻上超值折扣禮包，助您快速通關！,,,,
TriggerPackagePopup_TalkBox_110,恭喜通关主线第30章，为您献上超值折扣礼包，助您快速通关！！,,恭喜通關主線第30章，為您獻上超值折扣禮包，助您快速通關！ ！,,,,
TriggerPackagePopup_TalkBox_111,恭喜通关主线第40章，为您献上超值折扣礼包，助您快速通关!,,恭喜通關主線第40章，為您獻上超值折扣禮包，助您快速通關!,,,,
TriggerPackagePopup_TalkBox_112,恭喜通关主线第40章，为您献上超值折扣礼包，助您快速通关!!,,恭喜通關主線第40章，為您獻上超值折扣禮包，助您快速通關!!,,,,
TriggerPackagePopup_TalkBox_113,恭喜通关主线第40章，为您献上超值折扣礼包，助您快速通关!!!,,恭喜通關主線第40章，為您獻上超值折扣禮包，助您快速通關!!!,,,,
TriggerPackagePopup_TalkBox_114,恭喜通关主线第40章，为您献上超值折扣礼包，助您快速通关!!!!,,恭喜通關主線第40章，為您獻上超值折扣禮包，助您快速通關!!!!,,,,
TriggerPackagePopup_TalkBox_115,恭喜通关主线第40章，为您献上超值折扣礼包，助您快速通关！,,恭喜通關主線第40章，為您獻上超值折扣禮包，助您快速通關！,,,,
TriggerPackagePopup_TalkBox_116,恭喜通关主线第40章，为您献上超值折扣礼包，助您快速通关！！,,恭喜通關主線第40章，為您獻上超值折扣禮包，助您快速通關！ ！,,,,
TriggerPackagePopup_TalkBox_117,恭喜通关主线第50章，为您献上超值折扣礼包，助您快速通关!,,恭喜通關主線第50章，為您獻上超值折扣禮包，助您快速通關!,,,,
TriggerPackagePopup_TalkBox_118,恭喜通关主线第50章，为您献上超值折扣礼包，助您快速通关!!,,恭喜通關主線第50章，為您獻上超值折扣禮包，助您快速通關!!,,,,
TriggerPackagePopup_TalkBox_119,恭喜通关主线第50章，为您献上超值折扣礼包，助您快速通关!!!,,恭喜通關主線第50章，為您獻上超值折扣禮包，助您快速通關!!!,,,,
TriggerPackagePopup_TalkBox_120,恭喜通关主线第50章，为您献上超值折扣礼包，助您快速通关!!!!,,恭喜通關主線第50章，為您獻上超值折扣禮包，助您快速通關!!!!,,,,
TriggerPackagePopup_TalkBox_121,恭喜通关主线第50章，为您献上超值折扣礼包，助您快速通关！,,恭喜通關主線第50章，為您獻上超值折扣禮包，助您快速通關！,,,,
TriggerPackagePopup_TalkBox_122,恭喜通关主线第50章，为您献上超值折扣礼包，助您快速通关！！,,恭喜通關主線第50章，為您獻上超值折扣禮包，助您快速通關！ ！,,,,
TriggerPackagePopup_TalkBox_123,恭喜通关主线第60章，为您献上超值折扣礼包，助您快速通关!,,恭喜通關主線第60章，為您獻上超值折扣禮包，助您快速通關!,,,,
TriggerPackagePopup_TalkBox_124,恭喜通关主线第60章，为您献上超值折扣礼包，助您快速通关!!,,恭喜通關主線第60章，為您獻上超值折扣禮包，助您快速通關!!,,,,
TriggerPackagePopup_TalkBox_125,恭喜通关主线第60章，为您献上超值折扣礼包，助您快速通关!!!,,恭喜通關主線第60章，為您獻上超值折扣禮包，助您快速通關!!!,,,,
TriggerPackagePopup_TalkBox_126,恭喜通关主线第60章，为您献上超值折扣礼包，助您快速通关!!!!,,恭喜通關主線第60章，為您獻上超值折扣禮包，助您快速通關!!!!,,,,
TriggerPackagePopup_TalkBox_127,恭喜通关主线第60章，为您献上超值折扣礼包，助您快速通关！,,恭喜通關主線第60章，為您獻上超值折扣禮包，助您快速通關！,,,,
TriggerPackagePopup_TalkBox_128,恭喜通关主线第60章，为您献上超值折扣礼包，助您快速通关！！,,恭喜通關主線第60章，為您獻上超值折扣禮包，助您快速通關！ ！,,,,
TriggerPackagePopup_TalkBox_129,恭喜通关主线第70章，为您献上超值折扣礼包，助您快速通关!,,恭喜通關主線第70章，為您獻上超值折扣禮包，助您快速通關!,,,,
TriggerPackagePopup_TalkBox_130,恭喜通关主线第70章，为您献上超值折扣礼包，助您快速通关!!,,恭喜通關主線第70章，為您獻上超值折扣禮包，助您快速通關!!,,,,
TriggerPackagePopup_TalkBox_131,恭喜通关主线第70章，为您献上超值折扣礼包，助您快速通关!!!,,恭喜通關主線第70章，為您獻上超值折扣禮包，助您快速通關!!!,,,,
TriggerPackagePopup_TalkBox_132,恭喜通关主线第70章，为您献上超值折扣礼包，助您快速通关!!!!,,恭喜通關主線第70章，為您獻上超值折扣禮包，助您快速通關!!!!,,,,
TriggerPackagePopup_TalkBox_133,恭喜通关主线第70章，为您献上超值折扣礼包，助您快速通关！,,恭喜通關主線第70章，為您獻上超值折扣禮包，助您快速通關！,,,,
TriggerPackagePopup_TalkBox_134,恭喜通关主线第70章，为您献上超值折扣礼包，助您快速通关！！,,恭喜通關主線第70章，為您獻上超值折扣禮包，助您快速通關！ ！,,,,
TriggerPackagePopup_TalkBox_135,恭喜通关主线第80章，为您献上超值折扣礼包，助您快速通关!,,恭喜通關主線第80章，為您獻上超值折扣禮包，助您快速通關!,,,,
TriggerPackagePopup_TalkBox_136,恭喜通关主线第80章，为您献上超值折扣礼包，助您快速通关!!,,恭喜通關主線第80章，為您獻上超值折扣禮包，助您快速通關!!,,,,
TriggerPackagePopup_TalkBox_137,恭喜通关主线第80章，为您献上超值折扣礼包，助您快速通关!!!,,恭喜通關主線第80章，為您獻上超值折扣禮包，助您快速通關!!!,,,,
TriggerPackagePopup_TalkBox_138,恭喜通关主线第80章，为您献上超值折扣礼包，助您快速通关!!!!,,恭喜通關主線第80章，為您獻上超值折扣禮包，助您快速通關!!!!,,,,
TriggerPackagePopup_TalkBox_139,恭喜通关主线第80章，为您献上超值折扣礼包，助您快速通关！,,恭喜通關主線第80章，為您獻上超值折扣禮包，助您快速通關！,,,,
TriggerPackagePopup_TalkBox_140,恭喜通关主线第80章，为您献上超值折扣礼包，助您快速通关！！,,恭喜通關主線第80章，為您獻上超值折扣禮包，助您快速通關！ ！,,,,
TriggerPackagePopup_TalkBox_141,恭喜通关主线第90章，为您献上超值折扣礼包，助您快速通关!,,恭喜通關主線第90章，為您獻上超值折扣禮包，助您快速通關!,,,,
TriggerPackagePopup_TalkBox_142,恭喜通关主线第90章，为您献上超值折扣礼包，助您快速通关!!,,恭喜通關主線第90章，為您獻上超值折扣禮包，助您快速通關!!,,,,
TriggerPackagePopup_TalkBox_143,恭喜通关主线第90章，为您献上超值折扣礼包，助您快速通关!!!,,恭喜通關主線第90章，為您獻上超值折扣禮包，助您快速通關!!!,,,,
TriggerPackagePopup_TalkBox_144,恭喜通关主线第90章，为您献上超值折扣礼包，助您快速通关!!!!,,恭喜通關主線第90章，為您獻上超值折扣禮包，助您快速通關!!!!,,,,
TriggerPackagePopup_TalkBox_145,恭喜通关主线第90章，为您献上超值折扣礼包，助您快速通关！,,恭喜通關主線第90章，為您獻上超值折扣禮包，助您快速通關！,,,,
TriggerPackagePopup_TalkBox_146,恭喜通关主线第90章，为您献上超值折扣礼包，助您快速通关！！,,恭喜通關主線第90章，為您獻上超值折扣禮包，助您快速通關！ ！,,,,
TriggerPackagePopup_TalkBox_147,恭喜通关主线第100章，为您献上超值折扣礼包，助您快速通关!,,恭喜通關主線第100章，為您獻上超值折扣禮包，助您快速通關!,,,,
TriggerPackagePopup_TalkBox_148,恭喜通关主线第100章，为您献上超值折扣礼包，助您快速通关!!,,恭喜通關主線第100章，為您獻上超值折扣禮包，助您快速通關!!,,,,
TriggerPackagePopup_TalkBox_149,恭喜通关主线第100章，为您献上超值折扣礼包，助您快速通关!!!,,恭喜通關主線第100章，為您獻上超值折扣禮包，助您快速通關!!!,,,,
TriggerPackagePopup_TalkBox_150,恭喜通关主线第100章，为您献上超值折扣礼包，助您快速通关!!!!,,恭喜通關主線第100章，為您獻上超值折扣禮包，助您快速通關!!!!,,,,
TriggerPackagePopup_TalkBox_151,恭喜通关主线第100章，为您献上超值折扣礼包，助您快速通关！,,恭喜通關主線第100章，為您獻上超值折扣禮包，助您快速通關！,,,,
TriggerPackagePopup_TalkBox_152,恭喜通关主线第100章，为您献上超值折扣礼包，助您快速通关！！,,恭喜通關主線第100章，為您獻上超值折扣禮包，助您快速通關！ ！,,,,
TriggerPackagePopup_TalkBox_153,恭喜通关精英副本第10章，为您献上超值折扣礼包，助您快速通关!,,恭喜通關精英副本第10章，為您獻上超值折扣禮包，助您快速通關!,,,,
TriggerPackagePopup_TalkBox_154,恭喜通关精英副本第10章，为您献上超值折扣礼包，助您快速通关!!,,恭喜通關精英副本第10章，為您獻上超值折扣禮包，助您快速通關!!,,,,
TriggerPackagePopup_TalkBox_155,恭喜通关精英副本第10章，为您献上超值折扣礼包，助您快速通关!!!,,恭喜通關精英副本第10章，為您獻上超值折扣禮包，助您快速通關!!!,,,,
TriggerPackagePopup_TalkBox_156,恭喜通关精英副本第10章，为您献上超值折扣礼包，助您快速通关!!!!,,恭喜通關精英副本第10章，為您獻上超值折扣禮包，助您快速通關!!!!,,,,
TriggerPackagePopup_TalkBox_157,恭喜通关精英副本第10章，为您献上超值折扣礼包，助您快速通关！,,恭喜通關精英副本第10章，為您獻上超值折扣禮包，助您快速通關！,,,,
TriggerPackagePopup_TalkBox_158,恭喜通关精英副本第10章，为您献上超值折扣礼包，助您快速通关！！,,恭喜通關精英副本第10章，為您獻上超值折扣禮包，助您快速通關！ ！,,,,
TriggerPackagePopup_TalkBox_159,恭喜通关精英副本第20章，为您献上超值折扣礼包，助您快速通关!,,恭喜通關精英副本第20章，為您獻上超值折扣禮包，助您快速通關!,,,,
TriggerPackagePopup_TalkBox_160,恭喜通关精英副本第20章，为您献上超值折扣礼包，助您快速通关!!,,恭喜通關精英副本第20章，為您獻上超值折扣禮包，助您快速通關!!,,,,
TriggerPackagePopup_TalkBox_161,恭喜通关精英副本第20章，为您献上超值折扣礼包，助您快速通关!!!,,恭喜通關精英副本第20章，為您獻上超值折扣禮包，助您快速通關!!!,,,,
TriggerPackagePopup_TalkBox_162,恭喜通关精英副本第20章，为您献上超值折扣礼包，助您快速通关!!!!,,恭喜通關精英副本第20章，為您獻上超值折扣禮包，助您快速通關!!!!,,,,
TriggerPackagePopup_TalkBox_163,恭喜通关精英副本第20章，为您献上超值折扣礼包，助您快速通关！,,恭喜通關精英副本第20章，為您獻上超值折扣禮包，助您快速通關！,,,,
TriggerPackagePopup_TalkBox_164,恭喜通关精英副本第20章，为您献上超值折扣礼包，助您快速通关！！,,恭喜通關精英副本第20章，為您獻上超值折扣禮包，助您快速通關！ ！,,,,
TriggerPackagePopup_TalkBox_165,恭喜通关精英副本第30章，为您献上超值折扣礼包，助您快速通关!,,恭喜通關精英副本第30章，為您獻上超值折扣禮包，助您快速通關!,,,,
TriggerPackagePopup_TalkBox_166,恭喜通关精英副本第30章，为您献上超值折扣礼包，助您快速通关!!,,恭喜通關精英副本第30章，為您獻上超值折扣禮包，助您快速通關!!,,,,
TriggerPackagePopup_TalkBox_167,恭喜通关精英副本第30章，为您献上超值折扣礼包，助您快速通关!!!,,恭喜通關精英副本第30章，為您獻上超值折扣禮包，助您快速通關!!!,,,,
TriggerPackagePopup_TalkBox_168,恭喜通关精英副本第30章，为您献上超值折扣礼包，助您快速通关!!!!,,恭喜通關精英副本第30章，為您獻上超值折扣禮包，助您快速通關!!!!,,,,
TriggerPackagePopup_TalkBox_169,恭喜通关精英副本第30章，为您献上超值折扣礼包，助您快速通关！,,恭喜通關精英副本第30章，為您獻上超值折扣禮包，助您快速通關！,,,,
TriggerPackagePopup_TalkBox_170,恭喜通关精英副本第30章，为您献上超值折扣礼包，助您快速通关！！,,恭喜通關精英副本第30章，為您獻上超值折扣禮包，助您快速通關！ ！,,,,
TriggerPackagePopup_TalkBox_171,恭喜通关精英副本第40章，为您献上超值折扣礼包，助您快速通关!,,恭喜通關精英副本第40章，為您獻上超值折扣禮包，助您快速通關!,,,,
TriggerPackagePopup_TalkBox_172,恭喜通关精英副本第40章，为您献上超值折扣礼包，助您快速通关!!,,恭喜通關精英副本第40章，為您獻上超值折扣禮包，助您快速通關!!,,,,
TriggerPackagePopup_TalkBox_173,恭喜通关精英副本第40章，为您献上超值折扣礼包，助您快速通关!!!,,恭喜通關精英副本第40章，為您獻上超值折扣禮包，助您快速通關!!!,,,,
TriggerPackagePopup_TalkBox_174,恭喜通关精英副本第40章，为您献上超值折扣礼包，助您快速通关!!!!,,恭喜通關精英副本第40章，為您獻上超值折扣禮包，助您快速通關!!!!,,,,
TriggerPackagePopup_TalkBox_175,恭喜通关精英副本第40章，为您献上超值折扣礼包，助您快速通关！,,恭喜通關精英副本第40章，為您獻上超值折扣禮包，助您快速通關！,,,,
TriggerPackagePopup_TalkBox_176,恭喜通关精英副本第40章，为您献上超值折扣礼包，助您快速通关！！,,恭喜通關精英副本第40章，為您獻上超值折扣禮包，助您快速通關！ ！,,,,
TriggerPackagePopup_TalkBox_177,恭喜通关精英副本第50章，为您献上超值折扣礼包，助您快速通关!,,恭喜通關精英副本第50章，為您獻上超值折扣禮包，助您快速通關!,,,,
TriggerPackagePopup_TalkBox_178,恭喜通关精英副本第50章，为您献上超值折扣礼包，助您快速通关!!,,恭喜通關精英副本第50章，為您獻上超值折扣禮包，助您快速通關!!,,,,
TriggerPackagePopup_TalkBox_179,恭喜通关精英副本第50章，为您献上超值折扣礼包，助您快速通关!!!,,恭喜通關精英副本第50章，為您獻上超值折扣禮包，助您快速通關!!!,,,,
TriggerPackagePopup_TalkBox_180,恭喜通关精英副本第50章，为您献上超值折扣礼包，助您快速通关!!!!,,恭喜通關精英副本第50章，為您獻上超值折扣禮包，助您快速通關!!!!,,,,
TriggerPackagePopup_TalkBox_181,恭喜通关精英副本第50章，为您献上超值折扣礼包，助您快速通关！,,恭喜通關精英副本第50章，為您獻上超值折扣禮包，助您快速通關！,,,,
TriggerPackagePopup_TalkBox_182,恭喜通关精英副本第50章，为您献上超值折扣礼包，助您快速通关！！,,恭喜通關精英副本第50章，為您獻上超值折扣禮包，助您快速通關！ ！,,,,
TriggerPackagePopup_TalkBox_183,恭喜通关精英副本第60章，为您献上超值折扣礼包，助您快速通关！,,恭喜通關精英副本第60章，為您獻上超值折扣禮包，助您快速通關！,,,,
TriggerPackagePopup_TalkBox_184,恭喜通关精英副本第60章，为您献上超值折扣礼包，助您快速通关！,,恭喜通關精英副本第60章，為您獻上超值折扣禮包，助您快速通關！,,,,
TriggerPackagePopup_TalkBox_185,恭喜通关精英副本第60章，为您献上超值折扣礼包，助您快速通关！,,恭喜通關精英副本第60章，為您獻上超值折扣禮包，助您快速通關！,,,,
TriggerPackagePopup_TalkBox_186,恭喜通关精英副本第60章，为您献上超值折扣礼包，助您快速通关！,,恭喜通關精英副本第60章，為您獻上超值折扣禮包，助您快速通關！,,,,
TriggerPackagePopup_TalkBox_187,恭喜通关精英副本第60章，为您献上超值折扣礼包，助您快速通关！,,恭喜通關精英副本第60章，為您獻上超值折扣禮包，助您快速通關！,,,,
TriggerPackagePopup_TalkBox_188,恭喜通关精英副本第60章，为您献上超值折扣礼包，助您快速通关！！,,恭喜通關精英副本第60章，為您獻上超值折扣禮包，助您快速通關！ ！,,,,
TriggerPackagePopup_TalkBox_189,恭喜通关精英副本第70章，为您献上超值折扣礼包，助您快速通关!,,恭喜通關精英副本第70章，為您獻上超值折扣禮包，助您快速通關!,,,,
TriggerPackagePopup_TalkBox_190,恭喜通关精英副本第70章，为您献上超值折扣礼包，助您快速通关!!,,恭喜通關精英副本第70章，為您獻上超值折扣禮包，助您快速通關!!,,,,
TriggerPackagePopup_TalkBox_191,恭喜通关精英副本第70章，为您献上超值折扣礼包，助您快速通关!!!,,恭喜通關精英副本第70章，為您獻上超值折扣禮包，助您快速通關!!!,,,,
TriggerPackagePopup_TalkBox_192,恭喜通关精英副本第70章，为您献上超值折扣礼包，助您快速通关!!!!,,恭喜通關精英副本第70章，為您獻上超值折扣禮包，助您快速通關!!!!,,,,
TriggerPackagePopup_TalkBox_193,恭喜通关精英副本第70章，为您献上超值折扣礼包，助您快速通关！,,恭喜通關精英副本第70章，為您獻上超值折扣禮包，助您快速通關！,,,,
TriggerPackagePopup_TalkBox_194,恭喜通关精英副本第70章，为您献上超值折扣礼包，助您快速通关！！,,恭喜通關精英副本第70章，為您獻上超值折扣禮包，助您快速通關！ ！,,,,
TriggerPackagePopup_TalkBox_195,恭喜通关精英副本第80章，为您献上超值折扣礼包，助您快速通关!,,恭喜通關精英副本第80章，為您獻上超值折扣禮包，助您快速通關!,,,,
TriggerPackagePopup_TalkBox_196,恭喜通关精英副本第80章，为您献上超值折扣礼包，助您快速通关!!,,恭喜通關精英副本第80章，為您獻上超值折扣禮包，助您快速通關!!,,,,
TriggerPackagePopup_TalkBox_197,恭喜通关精英副本第80章，为您献上超值折扣礼包，助您快速通关!!!,,恭喜通關精英副本第80章，為您獻上超值折扣禮包，助您快速通關!!!,,,,
TriggerPackagePopup_TalkBox_198,恭喜通关精英副本第80章，为您献上超值折扣礼包，助您快速通关!!!!,,恭喜通關精英副本第80章，為您獻上超值折扣禮包，助您快速通關!!!!,,,,
TriggerPackagePopup_TalkBox_199,恭喜通关精英副本第80章，为您献上超值折扣礼包，助您快速通关！,,恭喜通關精英副本第80章，為您獻上超值折扣禮包，助您快速通關！,,,,
TriggerPackagePopup_TalkBox_200,恭喜通关精英副本第80章，为您献上超值折扣礼包，助您快速通关！！,,恭喜通關精英副本第80章，為您獻上超值折扣禮包，助您快速通關！ ！,,,,
TriggerPackagePopup_TalkBox_201,恭喜通关精英副本第90章，为您献上超值折扣礼包，助您快速通关!,,恭喜通關精英副本第90章，為您獻上超值折扣禮包，助您快速通關!,,,,
TriggerPackagePopup_TalkBox_202,恭喜通关精英副本第90章，为您献上超值折扣礼包，助您快速通关!!,,恭喜通關精英副本第90章，為您獻上超值折扣禮包，助您快速通關!!,,,,
TriggerPackagePopup_TalkBox_203,恭喜通关精英副本第90章，为您献上超值折扣礼包，助您快速通关!!!,,恭喜通關精英副本第90章，為您獻上超值折扣禮包，助您快速通關!!!,,,,
TriggerPackagePopup_TalkBox_204,恭喜通关精英副本第90章，为您献上超值折扣礼包，助您快速通关!!!!,,恭喜通關精英副本第90章，為您獻上超值折扣禮包，助您快速通關!!!!,,,,
TriggerPackagePopup_TalkBox_205,恭喜通关精英副本第90章，为您献上超值折扣礼包，助您快速通关！,,恭喜通關精英副本第90章，為您獻上超值折扣禮包，助您快速通關！,,,,
TriggerPackagePopup_TalkBox_206,恭喜通关精英副本第90章，为您献上超值折扣礼包，助您快速通关！！,,恭喜通關精英副本第90章，為您獻上超值折扣禮包，助您快速通關！ ！,,,,
TriggerPackagePopup_TalkBox_207,恭喜通关精英副本第100章，为您献上超值折扣礼包，助您快速通关!,,恭喜通關精英副本第100章，為您獻上超值折扣禮包，助您快速通關!,,,,
TriggerPackagePopup_TalkBox_208,恭喜通关精英副本第100章，为您献上超值折扣礼包，助您快速通关!!,,恭喜通關精英副本第100章，為您獻上超值折扣禮包，助您快速通關!!,,,,
TriggerPackagePopup_TalkBox_209,恭喜通关精英副本第100章，为您献上超值折扣礼包，助您快速通关!!!,,恭喜通關精英副本第100章，為您獻上超值折扣禮包，助您快速通關!!!,,,,
TriggerPackagePopup_TalkBox_210,恭喜通关精英副本第100章，为您献上超值折扣礼包，助您快速通关!!!!,,恭喜通關精英副本第100章，為您獻上超值折扣禮包，助您快速通關!!!!,,,,
TriggerPackagePopup_TalkBox_211,恭喜通关精英副本第100章，为您献上超值折扣礼包，助您快速通关！,,恭喜通關精英副本第100章，為您獻上超值折扣禮包，助您快速通關！,,,,
TriggerPackagePopup_TalkBox_212,恭喜通关精英副本第100章，为您献上超值折扣礼包，助您快速通关！！,,恭喜通關精英副本第100章，為您獻上超值折扣禮包，助您快速通關！ ！,,,,
TriggerPackagePopup_TalkBox_213,恭喜通关精英副本第110章，为您献上超值折扣礼包，助您快速通关!,,恭喜通關精英副本第110章，為您獻上超值折扣禮包，助您快速通關!,,,,
TriggerPackagePopup_TalkBox_214,恭喜通关精英副本第110章，为您献上超值折扣礼包，助您快速通关!!,,恭喜通關精英副本第110章，為您獻上超值折扣禮包，助您快速通關!!,,,,
TriggerPackagePopup_TalkBox_215,恭喜通关精英副本第110章，为您献上超值折扣礼包，助您快速通关!!!,,恭喜通關精英副本第110章，為您獻上超值折扣禮包，助您快速通關!!!,,,,
TriggerPackagePopup_TalkBox_216,恭喜通关精英副本第110章，为您献上超值折扣礼包，助您快速通关！,,恭喜通關精英副本第110章，為您獻上超值折扣禮包，助您快速通關！,,,,
TriggerPackagePopup_TalkBox_217,恭喜通关精英副本第110章，为您献上超值折扣礼包，助您快速通关！,,恭喜通關精英副本第110章，為您獻上超值折扣禮包，助您快速通關！,,,,
TriggerPackagePopup_TalkBox_218,恭喜通关精英副本第110章，为您献上超值折扣礼包，助您快速通关！！,,恭喜通關精英副本第110章，為您獻上超值折扣禮包，助您快速通關！ ！,,,,
TriggerPackagePopup_TalkBox_219,恭喜通关精英副本第120章，为您献上超值折扣礼包，助您快速通关!,,恭喜通關精英副本第120章，為您獻上超值折扣禮包，助您快速通關!,,,,
TriggerPackagePopup_TalkBox_220,恭喜通关精英副本第120章，为您献上超值折扣礼包，助您快速通关!!,,恭喜通關精英副本第120章，為您獻上超值折扣禮包，助您快速通關!!,,,,
TriggerPackagePopup_TalkBox_221,恭喜通关精英副本第120章，为您献上超值折扣礼包，助您快速通关!!!,,恭喜通關精英副本第120章，為您獻上超值折扣禮包，助您快速通關!!!,,,,
TriggerPackagePopup_TalkBox_222,恭喜通关精英副本第120章，为您献上超值折扣礼包，助您快速通关!!!!,,恭喜通關精英副本第120章，為您獻上超值折扣禮包，助您快速通關!!!!,,,,
TriggerPackagePopup_TalkBox_223,恭喜通关精英副本第120章，为您献上超值折扣礼包，助您快速通关！,,恭喜通關精英副本第120章，為您獻上超值折扣禮包，助您快速通關！,,,,
TriggerPackagePopup_TalkBox_224,恭喜通关精英副本第120章，为您献上超值折扣礼包，助您快速通关！！,,恭喜通關精英副本第120章，為您獻上超值折扣禮包，助您快速通關！ ！,,,,
TriggerPackagePopup_TalkBox_10001,恭喜达到75级，为您献上超值折扣礼包，助您快速通关!,,恭喜達到75級，為您獻上超值折扣禮包，助您快速通關!,,,,
TriggerPackagePopup_TalkBox_10002,恭喜达到75级，为您献上超值折扣礼包，助您快速通关!!,,恭喜達到75級，為您獻上超值折扣禮包，助您快速通關!!,,,,
TriggerPackagePopup_TalkBox_10003,恭喜达到75级，为您献上超值折扣礼包，助您快速通关!!!,,恭喜達到75級，為您獻上超值折扣禮包，助您快速通關!!!,,,,
TriggerPackagePopup_TalkBox_10004,恭喜达到75级，为您献上超值折扣礼包，助您快速通关!!!!,,恭喜達到75級，為您獻上超值折扣禮包，助您快速通關!!!!,,,,
TriggerPackagePopup_TalkBox_10005,恭喜达到75级，为您献上超值折扣礼包，助您快速通关！,,恭喜達到75級，為您獻上超值折扣禮包，助您快速通關！,,,,
TriggerPackagePopup_TalkBox_10006,恭喜达到75级，为您献上超值折扣礼包，助您快速通关！！,,恭喜達到75級，為您獻上超值折扣禮包，助您快速通關！ ！,,,,
TriggerPackagePopup_TalkBox_10007,恭喜达到16级，为您献上超值折扣礼包，助您快速通关!!!!,,恭喜達到16級，為您獻上超值折扣禮包，助您快速通關!!!!,,,,
TriggerPackagePopup_TalkBox_10008,恭喜达到16级，为您献上超值折扣礼包，助您快速通关！,,恭喜達到16級，為您獻上超值折扣禮包，助您快速通關！,,,,
TriggerPackagePopup_TalkBox_10009,恭喜达到16级，为您献上超值折扣礼包，助您快速通关！！,,恭喜達到16級，為您獻上超值折扣禮包，助您快速通關！ ！,,,,
TriggerPackagePopup_TalkBox_10010,恭喜达到25级，为您献上超值折扣礼包，助您快速通关!!!!,,恭喜達到25級，為您獻上超值折扣禮包，助您快速通關!!!!,,,,
TriggerPackagePopup_TalkBox_10011,恭喜达到25级，为您献上超值折扣礼包，助您快速通关！,,恭喜達到25級，為您獻上超值折扣禮包，助您快速通關！,,,,
TriggerPackagePopup_TalkBox_10012,恭喜达到25级，为您献上超值折扣礼包，助您快速通关！！,,恭喜達到25級，為您獻上超值折扣禮包，助您快速通關！ ！,,,,
TriggerPackagePopup_TalkBox_10013,恭喜达到33级，为您献上超值折扣礼包，助您快速通关!!!!,,恭喜達到33級，為您獻上超值折扣禮包，助您快速通關!!!!,,,,
TriggerPackagePopup_TalkBox_10014,恭喜达到33级，为您献上超值折扣礼包，助您快速通关！,,恭喜達到33級，為您獻上超值折扣禮包，助您快速通關！,,,,
TriggerPackagePopup_TalkBox_10015,恭喜达到33级，为您献上超值折扣礼包，助您快速通关！！,,恭喜達到33級，為您獻上超值折扣禮包，助您快速通關！ ！,,,,
TriggerPackagePopup_TalkBox_10016,恭喜达到38级，为您献上超值折扣礼包，助您快速通关!!!!,,恭喜達到38級，為您獻上超值折扣禮包，助您快速通關!!!!,,,,
TriggerPackagePopup_TalkBox_10017,恭喜达到38级，为您献上超值折扣礼包，助您快速通关！,,恭喜達到38級，為您獻上超值折扣禮包，助您快速通關！,,,,
TriggerPackagePopup_TalkBox_10018,恭喜达到38级，为您献上超值折扣礼包，助您快速通关！！,,恭喜達到38級，為您獻上超值折扣禮包，助您快速通關！ ！,,,,
TriggerPackagePopup_TalkBox_10019,恭喜达到80级，为您献上超值折扣礼包，助您快速通关!,,恭喜達到80級，為您獻上超值折扣禮包，助您快速通關!,,,,
TriggerPackagePopup_TalkBox_10020,恭喜达到80级，为您献上超值折扣礼包，助您快速通关!!,,恭喜達到80級，為您獻上超值折扣禮包，助您快速通關!!,,,,
TriggerPackagePopup_TalkBox_10021,恭喜达到80级，为您献上超值折扣礼包，助您快速通关!!!,,恭喜達到80級，為您獻上超值折扣禮包，助您快速通關!!!,,,,
TriggerPackagePopup_TalkBox_10022,恭喜达到80级，为您献上超值折扣礼包，助您快速通关!!!!,,恭喜達到80級，為您獻上超值折扣禮包，助您快速通關!!!!,,,,
TriggerPackagePopup_TalkBox_10023,恭喜达到80级，为您献上超值折扣礼包，助您快速通关！,,恭喜達到80級，為您獻上超值折扣禮包，助您快速通關！,,,,
TriggerPackagePopup_TalkBox_10024,恭喜达到80级，为您献上超值折扣礼包，助您快速通关！！,,恭喜達到80級，為您獻上超值折扣禮包，助您快速通關！ ！,,,,
TriggerPackagePopup_TalkBox_10025,恭喜达到85级，为您献上超值折扣礼包，助您快速通关!,,恭喜達到85級，為您獻上超值折扣禮包，助您快速通關!,,,,
TriggerPackagePopup_TalkBox_10026,恭喜达到85级，为您献上超值折扣礼包，助您快速通关!!,,恭喜達到85級，為您獻上超值折扣禮包，助您快速通關!!,,,,
TriggerPackagePopup_TalkBox_10027,恭喜达到85级，为您献上超值折扣礼包，助您快速通关!!!,,恭喜達到85級，為您獻上超值折扣禮包，助您快速通關!!!,,,,
TriggerPackagePopup_TalkBox_10028,恭喜达到85级，为您献上超值折扣礼包，助您快速通关!!!!,,恭喜達到85級，為您獻上超值折扣禮包，助您快速通關!!!!,,,,
TriggerPackagePopup_TalkBox_10029,恭喜达到85级，为您献上超值折扣礼包，助您快速通关！,,恭喜達到85級，為您獻上超值折扣禮包，助您快速通關！,,,,
TriggerPackagePopup_TalkBox_10030,恭喜达到85级，为您献上超值折扣礼包，助您快速通关！！,,恭喜達到85級，為您獻上超值折扣禮包，助您快速通關！ ！,,,,
TriggerPackagePopup_TalkBox_10031,恭喜达到90级，为您献上超值折扣礼包，助您快速通关!,,恭喜達到90級，為您獻上超值折扣禮包，助您快速通關!,,,,
TriggerPackagePopup_TalkBox_10032,恭喜达到90级，为您献上超值折扣礼包，助您快速通关!!,,恭喜達到90級，為您獻上超值折扣禮包，助您快速通關!!,,,,
TriggerPackagePopup_TalkBox_10033,恭喜达到90级，为您献上超值折扣礼包，助您快速通关!!!,,恭喜達到90級，為您獻上超值折扣禮包，助您快速通關!!!,,,,
TriggerPackagePopup_TalkBox_10034,恭喜达到90级，为您献上超值折扣礼包，助您快速通关!!!!,,恭喜達到90級，為您獻上超值折扣禮包，助您快速通關!!!!,,,,
TriggerPackagePopup_TalkBox_10035,恭喜达到90级，为您献上超值折扣礼包，助您快速通关！,,恭喜達到90級，為您獻上超值折扣禮包，助您快速通關！,,,,
TriggerPackagePopup_TalkBox_10036,恭喜达到90级，为您献上超值折扣礼包，助您快速通关！！,,恭喜達到90級，為您獻上超值折扣禮包，助您快速通關！ ！,,,,
TriggerPackagePopup_TalkBox_10037,恭喜达到95级，为您献上超值折扣礼包，助您快速通关!,,恭喜達到95級，為您獻上超值折扣禮包，助您快速通關!,,,,
TriggerPackagePopup_TalkBox_10038,恭喜达到95级，为您献上超值折扣礼包，助您快速通关!!,,恭喜達到95級，為您獻上超值折扣禮包，助您快速通關!!,,,,
TriggerPackagePopup_TalkBox_10039,恭喜达到95级，为您献上超值折扣礼包，助您快速通关!!!,,恭喜達到95級，為您獻上超值折扣禮包，助您快速通關!!!,,,,
TriggerPackagePopup_TalkBox_10040,恭喜达到95级，为您献上超值折扣礼包，助您快速通关!!!!,,恭喜達到95級，為您獻上超值折扣禮包，助您快速通關!!!!,,,,
TriggerPackagePopup_TalkBox_10041,恭喜达到95级，为您献上超值折扣礼包，助您快速通关！,,恭喜達到95級，為您獻上超值折扣禮包，助您快速通關！,,,,
TriggerPackagePopup_TalkBox_10042,恭喜达到95级，为您献上超值折扣礼包，助您快速通关！！,,恭喜達到95級，為您獻上超值折扣禮包，助您快速通關！ ！,,,,
TriggerPackagePopup_TalkBox_10043,恭喜达到100级，为您献上超值折扣礼包，助您快速通关!,,恭喜達到100級，為您獻上超值折扣禮包，助您快速通關!,,,,
TriggerPackagePopup_TalkBox_10044,恭喜达到100级，为您献上超值折扣礼包，助您快速通关!!,,恭喜達到100級，為您獻上超值折扣禮包，助您快速通關!!,,,,
TriggerPackagePopup_TalkBox_10045,恭喜达到100级，为您献上超值折扣礼包，助您快速通关!!!,,恭喜達到100級，為您獻上超值折扣禮包，助您快速通關!!!,,,,
TriggerPackagePopup_TalkBox_10046,恭喜达到100级，为您献上超值折扣礼包，助您快速通关!!!!,,恭喜達到100級，為您獻上超值折扣禮包，助您快速通關!!!!,,,,
TriggerPackagePopup_TalkBox_10047,恭喜达到100级，为您献上超值折扣礼包，助您快速通关！,,恭喜達到100級，為您獻上超值折扣禮包，助您快速通關！,,,,
TriggerPackagePopup_TalkBox_10048,恭喜达到100级，为您献上超值折扣礼包，助您快速通关！！,,恭喜達到100級，為您獻上超值折扣禮包，助您快速通關！ ！,,,,
,,,,,,,
TriggerPackagePopup_TalkBox_15001,恭喜通关主线第10章，为您献上超值折扣礼包，助您快速通关!!!!,,恭喜通關主線第10章，為您獻上超值折扣禮包，助您快速通關!!!!,,,,
TriggerPackagePopup_TalkBox_15002,恭喜通关主线第10章，为您献上超值折扣礼包，助您快速通关！,,恭喜通關主線第10章，為您獻上超值折扣禮包，助您快速通關！,,,,
TriggerPackagePopup_TalkBox_15003,恭喜通关主线第10章，为您献上超值折扣礼包，助您快速通关！！,,恭喜通關主線第10章，為您獻上超值折扣禮包，助您快速通關！ ！,,,,
TriggerPackagePopup_TalkBox_15004,恭喜通关主线第15章，为您献上超值折扣礼包，助您快速通关!!!!,,恭喜通關主線第15章，為您獻上超值折扣禮包，助您快速通關!!!!,,,,
TriggerPackagePopup_TalkBox_15005,恭喜通关主线第15章，为您献上超值折扣礼包，助您快速通关！,,恭喜通關主線第15章，為您獻上超值折扣禮包，助您快速通關！,,,,
TriggerPackagePopup_TalkBox_15006,恭喜通关主线第15章，为您献上超值折扣礼包，助您快速通关！！,,恭喜通關主線第15章，為您獻上超值折扣禮包，助您快速通關！ ！,,,,
TriggerPackagePopup_TalkBox_15007,恭喜通关主线第110章，为您献上超值折扣礼包，助您快速通关!,,恭喜通關主線第110章，為您獻上超值折扣禮包，助您快速通關!,,,,
TriggerPackagePopup_TalkBox_15008,恭喜通关主线第110章，为您献上超值折扣礼包，助您快速通关!!,,恭喜通關主線第110章，為您獻上超值折扣禮包，助您快速通關!!,,,,
TriggerPackagePopup_TalkBox_15009,恭喜通关主线第110章，为您献上超值折扣礼包，助您快速通关!!!,,恭喜通關主線第110章，為您獻上超值折扣禮包，助您快速通關!!!,,,,
TriggerPackagePopup_TalkBox_15010,恭喜通关主线第110章，为您献上超值折扣礼包，助您快速通关!!!!,,恭喜通關主線第110章，為您獻上超值折扣禮包，助您快速通關!!!!,,,,
TriggerPackagePopup_TalkBox_15011,恭喜通关主线第110章，为您献上超值折扣礼包，助您快速通关！,,恭喜通關主線第110章，為您獻上超值折扣禮包，助您快速通關！,,,,
TriggerPackagePopup_TalkBox_15012,恭喜通关主线第110章，为您献上超值折扣礼包，助您快速通关！！,,恭喜通關主線第110章，為您獻上超值折扣禮包，助您快速通關！ ！,,,,
TriggerPackagePopup_TalkBox_15013,恭喜通关主线第120章，为您献上超值折扣礼包，助您快速通关!,,恭喜通關主線第120章，為您獻上超值折扣禮包，助您快速通關!,,,,
TriggerPackagePopup_TalkBox_15014,恭喜通关主线第120章，为您献上超值折扣礼包，助您快速通关!!,,恭喜通關主線第120章，為您獻上超值折扣禮包，助您快速通關!!,,,,
TriggerPackagePopup_TalkBox_15015,恭喜通关主线第120章，为您献上超值折扣礼包，助您快速通关!!!,,恭喜通關主線第120章，為您獻上超值折扣禮包，助您快速通關!!!,,,,
TriggerPackagePopup_TalkBox_15016,恭喜通关主线第120章，为您献上超值折扣礼包，助您快速通关!!!!,,恭喜通關主線第120章，為您獻上超值折扣禮包，助您快速通關!!!!,,,,
TriggerPackagePopup_TalkBox_15017,恭喜通关主线第120章，为您献上超值折扣礼包，助您快速通关！,,恭喜通關主線第120章，為您獻上超值折扣禮包，助您快速通關！,,,,
TriggerPackagePopup_TalkBox_15018,恭喜通关主线第120章，为您献上超值折扣礼包，助您快速通关！！,,恭喜通關主線第120章，為您獻上超值折扣禮包，助您快速通關！ ！,,,,
,,,,,,,
,,,,,,,
,,,,,,,
,,,,,,,
,,,,,,,
TriggerPackage_tab_name_39,限时礼包,,限時禮包,,,,
TriggerPackage_tab_name_40,限时礼包,,限時禮包,,,,
TriggerPackage_tab_name_41,限时礼包,,限時禮包,,,,
TriggerPackage_tab_name_42,限时礼包,,限時禮包,,,,
TriggerPackage_tab_name_43,限时礼包,,限時禮包,,,,
TriggerPackage_tab_name_44,限时礼包,,限時禮包,,,,
TriggerPackage_tab_name_45,限时礼包,,限時禮包,,,,
TriggerPackage_tab_name_46,限时礼包,,限時禮包,,,,
TriggerPackage_tab_name_47,限时礼包,,限時禮包,,,,
TriggerPackage_tab_name_48,限时礼包,,限時禮包,,,,
TriggerPackage_tab_name_49,限时礼包,,限時禮包,,,,
TriggerPackage_tab_name_50,限时礼包,,限時禮包,,,,
TriggerPackage_tab_name_51,限时礼包,,限時禮包,,,,
TriggerPackage_tab_name_52,限时礼包,,限時禮包,,,,
TriggerPackage_tab_name_53,限时礼包,,限時禮包,,,,
TriggerPackage_tab_name_54,限时礼包,,限時禮包,,,,
TriggerPackage_tab_name_55,限时礼包,,限時禮包,,,,
TriggerPackage_tab_name_56,限时礼包,,限時禮包,,,,
TriggerPackage_tab_name_57,限时礼包,,限時禮包,,,,
TriggerPackage_tab_name_58,限时礼包,,限時禮包,,,,
TriggerPackage_tab_name_59,限时礼包,,限時禮包,,,,
TriggerPackage_tab_name_60,限时礼包,,限時禮包,,,,
TriggerPackage_tab_name_61,限时礼包,,限時禮包,,,,
TriggerPackage_tab_name_62,限时礼包,,限時禮包,,,,
TriggerPackage_tab_name_63,限时礼包,,限時禮包,,,,
TriggerPackage_tab_name_64,限时礼包,,限時禮包,,,,
TriggerPackage_tab_name_65,限时礼包,,限時禮包,,,,
TriggerPackage_tab_name_66,限时礼包,,限時禮包,,,,
TriggerPackage_tab_name_67,限时礼包,,限時禮包,,,,
TriggerPackage_tab_name_68,限时礼包,,限時禮包,,,,
TriggerPackage_tab_name_69,限时礼包,,限時禮包,,,,
TriggerPackage_tab_name_70,限时礼包,,限時禮包,,,,
TriggerPackage_tab_name_71,限时礼包,,限時禮包,,,,
TriggerPackage_tab_name_72,限时礼包,,限時禮包,,,,
TriggerPackage_tab_name_73,限时礼包,,限時禮包,,,,
TriggerPackage_tab_name_74,限时礼包,,限時禮包,,,,
TriggerPackage_tab_name_75,限时礼包,,限時禮包,,,,
TriggerPackage_tab_name_76,限时礼包,,限時禮包,,,,
TriggerPackage_tab_name_77,限时礼包,,限時禮包,,,,
TriggerPackage_tab_name_78,限时礼包,,限時禮包,,,,
TriggerPackage_tab_name_79,限时礼包,,限時禮包,,,,
TriggerPackage_tab_name_80,限时礼包,,限時禮包,,,,
TriggerPackage_tab_name_81,限时礼包,,限時禮包,,,,
TriggerPackage_tab_name_82,限时礼包,,限時禮包,,,,
TriggerPackage_tab_name_83,限时礼包,,限時禮包,,,,
TriggerPackage_tab_name_84,限时礼包,,限時禮包,,,,
TriggerPackage_tab_name_85,限时礼包,,限時禮包,,,,
TriggerPackage_tab_name_86,限时礼包,,限時禮包,,,,
TriggerPackage_tab_name_87,限时礼包,,限時禮包,,,,
TriggerPackage_tab_name_88,限时礼包,,限時禮包,,,,
TriggerPackage_tab_name_89,限时礼包,,限時禮包,,,,
TriggerPackage_tab_name_90,限时礼包,,限時禮包,,,,
TriggerPackage_tab_name_91,限时礼包,,限時禮包,,,,
TriggerPackage_tab_name_92,限时礼包,,限時禮包,,,,
TriggerPackage_tab_name_93,限时礼包,,限時禮包,,,,
TriggerPackage_tab_name_94,限时礼包,,限時禮包,,,,
TriggerPackage_tab_name_95,限时礼包,,限時禮包,,,,
TriggerPackage_tab_name_96,限时礼包,,限時禮包,,,,
TriggerPackage_tab_name_97,限时礼包,,限時禮包,,,,
TriggerPackage_tab_name_98,限时礼包,,限時禮包,,,,
TriggerPackage_tab_name_99,限时礼包,,限時禮包,,,,
TriggerPackage_tab_name_100,限时礼包,,限時禮包,,,,
TriggerPackage_tab_name_101,限时礼包,,限時禮包,,,,
TriggerPackage_tab_name_102,限时礼包,,限時禮包,,,,
TriggerPackage_tab_name_103,限时礼包,,限時禮包,,,,
TriggerPackage_tab_name_104,限时礼包,,限時禮包,,,,
TriggerPackage_tab_name_105,限时礼包,,限時禮包,,,,
TriggerPackage_tab_name_106,限时礼包,,限時禮包,,,,
TriggerPackage_tab_name_107,限时礼包,,限時禮包,,,,
TriggerPackage_tab_name_108,限时礼包,,限時禮包,,,,
TriggerPackage_tab_name_109,限时礼包,,限時禮包,,,,
TriggerPackage_tab_name_110,限时礼包,,限時禮包,,,,
TriggerPackage_tab_name_111,限时礼包,,限時禮包,,,,
TriggerPackage_tab_name_112,限时礼包,,限時禮包,,,,
TriggerPackage_tab_name_113,限时礼包,,限時禮包,,,,
TriggerPackage_tab_name_114,限时礼包,,限時禮包,,,,
TriggerPackage_tab_name_115,限时礼包,,限時禮包,,,,
TriggerPackage_tab_name_116,限时礼包,,限時禮包,,,,
TriggerPackage_tab_name_117,限时礼包,,限時禮包,,,,
TriggerPackage_tab_name_118,限时礼包,,限時禮包,,,,
TriggerPackage_tab_name_119,限时礼包,,限時禮包,,,,
TriggerPackage_tab_name_120,限时礼包,,限時禮包,,,,
TriggerPackage_tab_name_121,限时礼包,,限時禮包,,,,
TriggerPackage_tab_name_122,限时礼包,,限時禮包,,,,
TriggerPackage_tab_name_123,限时礼包,,限時禮包,,,,
TriggerPackage_tab_name_124,限时礼包,,限時禮包,,,,
TriggerPackage_tab_name_125,限时礼包,,限時禮包,,,,
TriggerPackage_tab_name_126,限时礼包,,限時禮包,,,,
TriggerPackage_tab_name_127,限时礼包,,限時禮包,,,,
TriggerPackage_tab_name_128,限时礼包,,限時禮包,,,,
TriggerPackage_tab_name_129,限时礼包,,限時禮包,,,,
TriggerPackage_tab_name_130,限时礼包,,限時禮包,,,,
TriggerPackage_tab_name_131,限时礼包,,限時禮包,,,,
TriggerPackage_tab_name_132,限时礼包,,限時禮包,,,,
TriggerPackage_tab_name_133,限时礼包,,限時禮包,,,,
TriggerPackage_tab_name_134,限时礼包,,限時禮包,,,,
TriggerPackage_tab_name_135,限时礼包,,限時禮包,,,,
TriggerPackage_tab_name_136,限时礼包,,限時禮包,,,,
TriggerPackage_tab_name_137,限时礼包,,限時禮包,,,,
TriggerPackage_tab_name_138,限时礼包,,限時禮包,,,,
TriggerPackage_tab_name_139,限时礼包,,限時禮包,,,,
TriggerPackage_tab_name_140,限时礼包,,限時禮包,,,,
TriggerPackage_tab_name_141,限时礼包,,限時禮包,,,,
TriggerPackage_tab_name_142,限时礼包,,限時禮包,,,,
TriggerPackage_tab_name_143,限时礼包,,限時禮包,,,,
TriggerPackage_tab_name_144,限时礼包,,限時禮包,,,,
TriggerPackage_tab_name_145,限时礼包,,限時禮包,,,,
TriggerPackage_tab_name_146,限时礼包,,限時禮包,,,,
TriggerPackage_tab_name_147,限时礼包,,限時禮包,,,,
TriggerPackage_tab_name_148,限时礼包,,限時禮包,,,,
TriggerPackage_tab_name_149,限时礼包,,限時禮包,,,,
TriggerPackage_tab_name_150,限时礼包,,限時禮包,,,,
TriggerPackage_tab_name_151,限时礼包,,限時禮包,,,,
TriggerPackage_tab_name_152,限时礼包,,限時禮包,,,,
TriggerPackage_tab_name_153,限时礼包,,限時禮包,,,,
TriggerPackage_tab_name_154,限时礼包,,限時禮包,,,,
TriggerPackage_tab_name_155,限时礼包,,限時禮包,,,,
TriggerPackage_tab_name_156,限时礼包,,限時禮包,,,,
TriggerPackage_tab_name_157,限时礼包,,限時禮包,,,,
TriggerPackage_tab_name_158,限时礼包,,限時禮包,,,,
TriggerPackage_tab_name_159,限时礼包,,限時禮包,,,,
TriggerPackage_tab_name_160,限时礼包,,限時禮包,,,,
TriggerPackage_tab_name_161,限时礼包,,限時禮包,,,,
TriggerPackage_tab_name_162,限时礼包,,限時禮包,,,,
TriggerPackage_tab_name_163,限时礼包,,限時禮包,,,,
TriggerPackage_tab_name_164,限时礼包,,限時禮包,,,,
TriggerPackage_tab_name_165,限时礼包,,限時禮包,,,,
TriggerPackage_tab_name_166,限时礼包,,限時禮包,,,,
TriggerPackage_tab_name_167,限时礼包,,限時禮包,,,,
TriggerPackage_tab_name_168,限时礼包,,限時禮包,,,,
TriggerPackage_tab_name_169,限时礼包,,限時禮包,,,,
TriggerPackage_tab_name_170,限时礼包,,限時禮包,,,,
TriggerPackage_tab_name_171,限时礼包,,限時禮包,,,,
TriggerPackage_tab_name_172,限时礼包,,限時禮包,,,,
TriggerPackage_tab_name_173,限时礼包,,限時禮包,,,,
TriggerPackage_tab_name_174,限时礼包,,限時禮包,,,,
TriggerPackage_tab_name_175,限时礼包,,限時禮包,,,,
TriggerPackage_tab_name_176,限时礼包,,限時禮包,,,,
TriggerPackage_tab_name_177,限时礼包,,限時禮包,,,,
TriggerPackage_tab_name_178,限时礼包,,限時禮包,,,,
TriggerPackage_tab_name_179,限时礼包,,限時禮包,,,,
TriggerPackage_tab_name_180,限时礼包,,限時禮包,,,,
TriggerPackage_tab_name_181,限时礼包,,限時禮包,,,,
TriggerPackage_tab_name_182,限时礼包,,限時禮包,,,,
TriggerPackage_tab_name_183,限时礼包,,限時禮包,,,,
TriggerPackage_tab_name_184,限时礼包,,限時禮包,,,,
TriggerPackage_tab_name_185,限时礼包,,限時禮包,,,,
TriggerPackage_tab_name_186,限时礼包,,限時禮包,,,,
TriggerPackage_tab_name_187,限时礼包,,限時禮包,,,,
TriggerPackage_tab_name_188,限时礼包,,限時禮包,,,,
TriggerPackage_tab_name_189,限时礼包,,限時禮包,,,,
TriggerPackage_tab_name_190,限时礼包,,限時禮包,,,,
TriggerPackage_tab_name_191,限时礼包,,限時禮包,,,,
TriggerPackage_tab_name_192,限时礼包,,限時禮包,,,,
TriggerPackage_tab_name_193,限时礼包,,限時禮包,,,,
TriggerPackage_tab_name_194,限时礼包,,限時禮包,,,,
TriggerPackage_tab_name_195,限时礼包,,限時禮包,,,,
TriggerPackage_tab_name_196,限时礼包,,限時禮包,,,,
TriggerPackage_tab_name_197,限时礼包,,限時禮包,,,,
TriggerPackage_tab_name_198,限时礼包,,限時禮包,,,,
TriggerPackage_tab_name_199,限时礼包,,限時禮包,,,,
TriggerPackage_tab_name_200,限时礼包,,限時禮包,,,,
TriggerPackage_tab_name_201,限时礼包,,限時禮包,,,,
TriggerPackage_tab_name_202,限时礼包,,限時禮包,,,,
TriggerPackage_tab_name_203,限时礼包,,限時禮包,,,,
TriggerPackage_tab_name_204,限时礼包,,限時禮包,,,,
TriggerPackage_tab_name_205,限时礼包,,限時禮包,,,,
TriggerPackage_tab_name_206,限时礼包,,限時禮包,,,,
TriggerPackage_tab_name_207,限时礼包,,限時禮包,,,,
TriggerPackage_tab_name_208,限时礼包,,限時禮包,,,,
TriggerPackage_tab_name_209,限时礼包,,限時禮包,,,,
TriggerPackage_tab_name_210,限时礼包,,限時禮包,,,,
TriggerPackage_tab_name_211,限时礼包,,限時禮包,,,,
TriggerPackage_tab_name_212,限时礼包,,限時禮包,,,,
TriggerPackage_tab_name_213,限时礼包,,限時禮包,,,,
TriggerPackage_tab_name_214,限时礼包,,限時禮包,,,,
TriggerPackage_tab_name_215,限时礼包,,限時禮包,,,,
TriggerPackage_tab_name_216,限时礼包,,限時禮包,,,,
TriggerPackage_tab_name_217,限时礼包,,限時禮包,,,,
TriggerPackage_tab_name_218,限时礼包,,限時禮包,,,,
TriggerPackage_tab_name_219,限时礼包,,限時禮包,,,,
TriggerPackage_tab_name_220,限时礼包,,限時禮包,,,,
TriggerPackage_tab_name_221,限时礼包,,限時禮包,,,,
TriggerPackage_tab_name_222,限时礼包,,限時禮包,,,,
TriggerPackage_tab_name_223,限时礼包,,限時禮包,,,,
TriggerPackage_tab_name_224,限时礼包,,限時禮包,,,,
TriggerPackage_tab_name_10001,限时礼包,,限時禮包,,,,
TriggerPackage_tab_name_10002,限时礼包,,限時禮包,,,,
TriggerPackage_tab_name_10003,限时礼包,,限時禮包,,,,
TriggerPackage_tab_name_10004,限时礼包,,限時禮包,,,,
TriggerPackage_tab_name_10005,限时礼包,,限時禮包,,,,
TriggerPackage_tab_name_10006,限时礼包,,限時禮包,,,,
TriggerPackage_tab_name_10007,限时礼包,,限時禮包,,,,
TriggerPackage_tab_name_10008,限时礼包,,限時禮包,,,,
TriggerPackage_tab_name_10009,限时礼包,,限時禮包,,,,
TriggerPackage_tab_name_10010,限时礼包,,限時禮包,,,,
TriggerPackage_tab_name_10011,限时礼包,,限時禮包,,,,
TriggerPackage_tab_name_10012,限时礼包,,限時禮包,,,,
TriggerPackage_tab_name_10013,限时礼包,,限時禮包,,,,
TriggerPackage_tab_name_10014,限时礼包,,限時禮包,,,,
TriggerPackage_tab_name_10015,限时礼包,,限時禮包,,,,
TriggerPackage_tab_name_10016,限时礼包,,限時禮包,,,,
TriggerPackage_tab_name_10017,限时礼包,,限時禮包,,,,
TriggerPackage_tab_name_10018,限时礼包,,限時禮包,,,,
TriggerPackage_tab_name_10019,限时礼包,,限時禮包,,,,
TriggerPackage_tab_name_10020,限时礼包,,限時禮包,,,,
TriggerPackage_tab_name_10021,限时礼包,,限時禮包,,,,
TriggerPackage_tab_name_10022,限时礼包,,限時禮包,,,,
TriggerPackage_tab_name_10023,限时礼包,,限時禮包,,,,
TriggerPackage_tab_name_10024,限时礼包,,限時禮包,,,,
TriggerPackage_tab_name_10025,限时礼包,,限時禮包,,,,
TriggerPackage_tab_name_10026,限时礼包,,限時禮包,,,,
TriggerPackage_tab_name_10027,限时礼包,,限時禮包,,,,
TriggerPackage_tab_name_10028,限时礼包,,限時禮包,,,,
TriggerPackage_tab_name_10029,限时礼包,,限時禮包,,,,
TriggerPackage_tab_name_10030,限时礼包,,限時禮包,,,,
TriggerPackage_tab_name_10031,限时礼包,,限時禮包,,,,
TriggerPackage_tab_name_10032,限时礼包,,限時禮包,,,,
TriggerPackage_tab_name_10033,限时礼包,,限時禮包,,,,
TriggerPackage_tab_name_10034,限时礼包,,限時禮包,,,,
TriggerPackage_tab_name_10035,限时礼包,,限時禮包,,,,
TriggerPackage_tab_name_10036,限时礼包,,限時禮包,,,,
TriggerPackage_tab_name_10037,限时礼包,,限時禮包,,,,
TriggerPackage_tab_name_10038,限时礼包,,限時禮包,,,,
TriggerPackage_tab_name_10039,限时礼包,,限時禮包,,,,
TriggerPackage_tab_name_10040,限时礼包,,限時禮包,,,,
TriggerPackage_tab_name_10041,限时礼包,,限時禮包,,,,
TriggerPackage_tab_name_10042,限时礼包,,限時禮包,,,,
TriggerPackage_tab_name_10043,限时礼包,,限時禮包,,,,
TriggerPackage_tab_name_10044,限时礼包,,限時禮包,,,,
TriggerPackage_tab_name_10045,限时礼包,,限時禮包,,,,
TriggerPackage_tab_name_10046,限时礼包,,限時禮包,,,,
TriggerPackage_tab_name_10047,限时礼包,,限時禮包,,,,
TriggerPackage_tab_name_10048,限时礼包,,限時禮包,,,,
,,,,,,,
,,,,,,,
TriggerPackage_tab_name_15001,限时礼包,,限時禮包,,,,
TriggerPackage_tab_name_15002,限时礼包,,限時禮包,,,,
TriggerPackage_tab_name_15003,限时礼包,,限時禮包,,,,
TriggerPackage_tab_name_15004,限时礼包,,限時禮包,,,,
TriggerPackage_tab_name_15005,限时礼包,,限時禮包,,,,
TriggerPackage_tab_name_15006,限时礼包,,限時禮包,,,,
TriggerPackage_tab_name_15007,限时礼包,,限時禮包,,,,
TriggerPackage_tab_name_15008,限时礼包,,限時禮包,,,,
TriggerPackage_tab_name_15009,限时礼包,,限時禮包,,,,
TriggerPackage_tab_name_15010,限时礼包,,限時禮包,,,,
TriggerPackage_tab_name_15011,限时礼包,,限時禮包,,,,
TriggerPackage_tab_name_15012,限时礼包,,限時禮包,,,,
TriggerPackage_tab_name_15013,限时礼包,,限時禮包,,,,
TriggerPackage_tab_name_15014,限时礼包,,限時禮包,,,,
TriggerPackage_tab_name_15015,限时礼包,,限時禮包,,,,
TriggerPackage_tab_name_15016,限时礼包,,限時禮包,,,,
TriggerPackage_tab_name_15017,限时礼包,,限時禮包,,,,
TriggerPackage_tab_name_15018,限时礼包,,限時禮包,,,,
,,,,,,,
#TriggerPackage_tab_name,,,,,,,
TriggerPackage_tab_name_1,折扣礼包,,折扣禮包,,,,
,,,,,,,
,,,,,,,
,,,,,,,
,,,,,,,