#Battle core,,,,,,,
battle_core_turn,第<#66dddd>{0}</color>回,,第<#66dddd>{0}</color>回,,,,
battle_core_first_battle,First battle,,首戰,,,,
battle_core_second_battle,Second battle,,次戰,,,,
battle_core_middle_battle,Middle battle,,中戰,,,,
battle_core_final_battle,Final battle,,末戰,,,,
BattleCritText,<size=60>Violent</size><size=50>Strike </size>,,<size=60>暴</size><size=50>擊 </size>,,,,
BattleMissText,Miss,,閃避,,,,
,,,,,,,
#BattleResultPage,,,,,,,
resultPage_player_level,<size=28>{0}</size>Level,,<size=28>{0}</size>級,,,,
resultPage_player_exp,EXP : {0}/{1},,EXP : {0}/{1},,,,
resultPage_player_exp_max,Level cap reached,,已到達等級上限,,,,
resultPage_rewards,Earned rewards,,獲得獎勵,,,,
resultPage_next_stage,Continue,,繼續,,,,
resultPage_back,Return,,返回,,,,
battle_damage_report,Damage statistics,,傷害統計,,,,
resultPage_defeat_text,You were defeated，please keep up the good work,,遺憾戰敗，請再接再厲,,,,
resultPage_tips,Ways to become stronger,,變強途徑,,,,
ResultPageFormationButton,Team,,隊伍,,,,
ResultPageSupportButton,Command center,,指揮中心,,,,
ResultPageAreaButton,Beast god,,獸神,,,,
,,,,,,,
#BattleReportPopup,,,,,,,
battleReport_damage,Damage,,傷害,,,,
battleReport_receive,Injury,,承傷,,,,
battleReport_heal,Heal,,治療,,,,
battleReport_title_atk,Statistics,,我方統計,,,,
battleReport_title_def,Oponent statistics,,對方統計,,,,
battleReport_round,Combat round :,,戰鬥回合 :,,,,
battleReport_atk,Me,,我方,,,,
battleReport_def,Enemy,,對方,,,,
battleReport_title_damage,Damage statistics,,傷害統計,,,,
battleReport_title_receive,Injury statistics,,承傷統計,,,,
battleReport_title_heal,Treatment statistics,,治療統計,,,,
battleReport_replay,Battle replay,,戰鬥重播,,,,
battleReport_read_firstTeam,Entering the first battle,,進入首戰,,,,
battleReport_read_secondTeam,Entering the second battle,,進入次戰,,,,
,,,,,,,
#LoginPage,,,,,,,
LoginPageRepairButton,Repair,,修復,,,,
LoginPageNoticeutton,Announcement,,公告,,,,
LoginPagePolicyButton,Policy,,協議,,,,
LoginPageUserCenterButton,User Center,,用戶中心,,,,
LoginPageCSButton,Customer service,,客服,,,,
LoginPageSelectServer,Select server,,點擊選服,,,,
ServerStatusGreen,Recommended,,推薦,,,,
ServerStatusRed,Full,,爆滿,,,,
ServerStatusBlue,Maintenance,,維護,,,,
LoginPageRepairTitle,Repair,,修復,,,,
LoginPageRepairDescription,"Are you sure you want to delete and re-download all files??,
File size: {0}",,"確定要刪除並重新下載所有文件檔嗎?
檔案大小: {0}",,,,
,,,,,,,
LoginDownloadPopupTitle,File update,,檔案更新,,,,
LoginDownloadPopupNotice,There is a new update file，download it now!,,有新的更新檔，立即下載吧！,,,,
LoginDownloadPopupFileSize,File size: {0},,檔案大小: {0},,,,
LoginDownloadPopupTips,It is recommended that you download the update file in a Wi-Fi environment!,,推薦你在Wi-Fi環境下下載更新文件檔！,,,,
LoginDownloadProgress,"File updating: {0}/{1}, Speed:{2}",,"檔案更新中: {0}/{1}, 速度:{2}",,,,
,,,,,,,
server_list_category_0,Recently logged in,,最近登入,,,,
server_list_category_1,Partition 1,,分區1,,,,
server_list_category_2,Partition 2,,分區2,,,,
server_list_category_3,Partition 3,,分區3,,,,
server_list_category_4,Partition 4,,分區4,,,,
server_list_category_5,Partition 5,,分區5,,,,
server_list_category_6,Partition 6,,分區6,,,,
server_list_category_7,Partition 7,,分區7,,,,
server_list_category_8,Partition 8,,分區8,,,,
server_list_category_9,Partition 9,,分區9,,,,
server_list_category_10,Partition 10,,分區10,,,,
server_list_category_11,Partition 11,,分區11,,,,
server_list_category_12,Partition 12,,分區12,,,,
server_list_category_13,Partition 13,,分區13,,,,
server_list_category_14,Partition 14,,分區14,,,,
server_list_category_15,Partition 15,,分區15,,,,
server_list_category_16,Partition 16,,分區16,,,,
server_list_category_17,Partition 17,,分區17,,,,
server_list_category_18,Partition 18,,分區18,,,,
server_list_category_19,Partition 19,,分區19,,,,
server_list_category_20,Partition 20,,分區20,,,,
,,,,,,,
ServerSelectPopupTitle,Server selection,,伺服器選擇,,,,
ServerSelectPopupServerSelectTitle,Partition selection,,分區選擇,,,,
ServerSelectPopupTips,Players can choose different servers,,玩家可選擇不同伺服器,,,,
ServerStatusGreen,Recommended,,推薦,,,,
ServerStatusRed,Full,,爆滿,,,,
ServerStatusBlue,Maintenance,,維護,,,,
,,,,,,,
#AnnouncementPopup,,,,,,,
AnnouncementPopupTitle,Game announcement,,遊戲公告,,,,
,,,,,,,
#Campaign page,,,,,,,
campaign_title,Expedition,,遠征,,,,
campagin_tower,Styx Exploration,,冥河探索,,,,
campaign_multi_boss,Ragnarok,,諸神黃昏,,,,
campaign_frontline,War-torn place,,戰亂之地,,,,
campaign_clan_tower,Soul-suppressing battle,,鎮魂作戰,,,,
campaign_maze,Zodiac sign,,十二星宮,,,,
campaign_pet_maze,Electronic wizard,,電子精靈,,,,
campaign_lock,{0} level unlocked,,{0}級解鎖,,,,
campaign_lock_stage,Unlocked after clearing Chapter {0},,通關第{0}章後解鎖,,,,
campaign_lock_clanTower,Unlocked on the 8th day after opening the server and reaching level {0},,開服第8日及到達{0}級後解鎖,,,,
,,,,,,,
#RaidPage,,,,,,,
RaidPageTitle,互动,,互動,,,,
RaidPageGuildBossRace,Galaxy Railway,,銀河鐵道,,,,
RaidPageEventBoss,The gods return,,諸神回歸,,,,
RaidPageGuildBossOccupied,Atlantis,,亞特蘭提斯,,,,
RaidPageAuction,Exchange,,交易所,,,,
RaidPageBackupEvent,Back-up activities,,後備活動,,,,
RaidPageGuildBossRaceLock,Open on Saturday and Sunday,,週六週日開啟,,,,
RaidPageGuildBossOccupiedLock,Open on Saturday and Sunday,,週六週日開啟,,,,
RaidPageAuctionLock,Open on Saturday and Sunday,,週六週日開啟,,,,
RaidPageBackupEventLock,Open on Saturday and Sunday,,週六週日開啟,,,,
RaidPageGuildBossRaceTime,Opens at 19:48 today,,今日19:48開啟,,,,
RaidPageGuildBossOccupiedTime,Opens at 20:00 today,,今日20:00開啟,,,,
RaidPageAuctionTime,Opens after the guild activity ends,,公會活動結束後開啟,,,,
RaidPageBackupEventTime,Temporarily closed,,暫停開放,,,,
RaidPage_NoGuildPopup_Title,Not on a guild yet,,尚未加入公會,,,,
RaidPage_NoGuildPopup_Desc,"Not on a guild yet, Unable to attend event",,"尚未加入公會, 無法參加活動",,,,
RaidPage_ReleaseDateBlock,Guild activities not started,,公會活動未開啟,,,,
,,,,,,,
#Clan tower,,,,,,,
clanTower_title,Soul-suppressing battle,,鎮魂作戰,,,,
clanTower_remainText,Remaining times to clear : {0},,剩餘可通關次數 : {0},,,,
clanTower_flag_title_0,Olympus Factory,,奧林匹斯工廠,,,,
clanTower_flag_title_1,Ocean Factory,,Ocean工廠,,,,
clanTower_flag_title_2,Underworld Factory,,Underworld工廠,,,,
clanTower_flag_title_3,Thebes Factory,,Thebes工廠,,,,
clanTower_towerName_1,Olympus,,奧林匹斯,,,,
clanTower_towerName_2,Ocean,,Ocean,,,,
clanTower_towerName_3,Underworld,,Underworld,,,,
clanTower_towerName_4,Thebes,,Thebes,,,,
clanTower_stageText,Level {0},,第{0}關,,,,
clanTower_lockText,<color=#e86a6a>{0}</color>Queen opens,,<color=#e86a6a>{0}</color>天後開啟,,,,
clanTower_rank,Ranking,,排名,,,,
clanTower_shop,Shop,,商店,,,,
clanTower_completedText,Completed,,Completed,,,,
clanTower_dailyTrial,Doll refining,,人偶精煉,,,,
clanTower_dailyTrial_infoTitle,Explanation,,說明,,,,
clanTower_dailyTrial_info,3 random Heros will be refined every day，and you can get corresponding rewards after refining.,,每日將隨機3位星神進行精煉，精煉後可獲得相應獎勵。,,,,
clanTower_dailyTrial_itemTitle,Award,,獎勵,,,,
clanTower_dailyTrial_itemTreasure,Chest rewards,,寶箱獎勵,,,,
clanTower_dailyTrial_refreshTitle,Free refresh,,免費刷新,,,,
clanTower_dailyTrial_SSR_WarningTitle,Hint,,提示,,,,
clanTower_dailyTrial_SSR_WarningContent,The current refined Hero is of SSR quality. Do you want to continue refreshing it?,,當前精煉星神為SSR品質，是否繼續刷新？,,,,
clanTower_dailyTrial_notOpen,Not open,,未開放,,,,
clanTower_dailyTrial_paidRefreshTitle,Hint,,提示,,,,
clanTower_dailyTrial_paidRefreshContent,"Are you sure you want to spend {0} crown stones and refresh once?",,"是否確認花費 {0} 日冕石, 刷新一次？",,,,
clanTower_dailyTrial_trialBtn,Refine,,精煉,,,,
clanTower_dailyTrial_remainText,Refining times : {0},,精煉次數 : {0},,,,
clanTower_dailyTrial_refreshRemain,Refresh({0}),,刷新({0}),,,,
clanTower_warning_duplicateHero,Heros cannot be reused between two teams.,,兩組隊伍之間不可重複使用星神,,,,
clanTower_warning_stageFinish,Completed all levels,,已完成所有關卡,,,,
clanTower_warning_onbattle,Auto battle in progress,,正在進行自動戰鬥,,,,
clanTower_warning_noBattleRemainTimes,No clearance times,,沒有通關次數,,,,
clanTower_warning_auto_noBattleRemainTimes1,There is no number of clearances and automatic battle is not possible.,,沒有通關次數，無法自動戰鬥,,,,
clanTower_warning_auto_noBattleRemainTimes2,If there are no clearance times，the battle will end automatically.,,沒有通關次數，自動戰鬥結束,,,,
clanTower_warning_auto_battleLose,Unfortunately defeated，the battle ended automatically,,遺憾戰敗，自動戰鬥結束,,,,
clanTower_warning_notOpen, Factory not open,,工廠未開放,,,,
clanTower_warning_noTrailRefreshCount,The number of refreshes has been exhausted,,刷新次數已用盡,,,,
clanTower_warning_noTrailChallegeCount,The number of refining times has been exhausted,,精煉次數已用盡,,,,
clanTower_warning_autoBattleBlock,Conditions for opening automatic battle: Pass {0} level,,自動戰鬥開放條件 : 需通過 {0} 關,,,,
clanTower_warning_lock,This level is not unlocked,,未解鎖此關卡,,,,
clanTower_warning_completed,Completed this level,,已完成此關卡,,,,
clanTower_warning_FullMemberConditionWarning_1,There are currently not enough people to proceed to the next step,,當前人數不足，無法進行下一步,,,,
clanTower_warning_FullMemberConditionWarning_2,It is not possible to exchange the already deployed Hero with the vacant seat.,,不可將已上陣星神和空位交換,,,,
clanTower_autoTitle,Auto battle,,自動戰鬥,,,,
clanTower_autoStop,Stop,,Stop,,,,
ClanTowerHowToPlay_Title,Explanation,,說明,,,,
ClanTowerHowToPlay_Content,"Basic rules
1. The soul-killing battle is divided into four types of factories: Olympus， Ocean， Thebes， and Underworld. Different doll factories are opened every day. You can get 20 levels cleared every day， which can be accumulated if not used.

Formation rules
1. In the soul-crushing combat function，two formations will be opened，and you will use two teams at the same time to challenge.
2. Star Gods cannot be reused between two teams.
3. The development information of the two teams will be directly read from the data on the external lineup，and no additional development is required.
4. The beast gods of the two teams can be set separately.
5. Star Gods must be placed in all empty slots before the battle can begin. ",,"Basic rules
1. The soul-killing battle is divided into four types of factories: Olympus，Ocean，Thebes，and Underworld. Different doll factories are opened every day. You can get 20 levels cleared every day，which can be accumulated if not used.

Formation rules
1. In the soul-crushing combat function，two formations will be opened，and you will use two teams at the same time to challenge.
2. Star Gods cannot be reused between two teams.
3. The development information of the two teams will be directly read from the data on the external lineup，and no additional development is required.
4. The beast gods of the two teams can be set separately.
5. Star Gods must be placed in all empty slots before the battle can begin. ",,,,
ClanTowerHowToPlay_Title_Stage,Explanation,,說明,,,,
ClanTowerHowToPlay_Content_Stage,"Basic rules
1. The soul-killing battle is divided into four types of factories: Olympus， Ocean， Thebes， and Underworld. Different doll factories are opened every day. You can get 20 levels cleared every day， which can be accumulated if not used.

Formation rules
1. In the soul-crushing combat function，two formations will be opened，and you will use two teams at the same time to challenge.
2. Star Gods cannot be reused between two teams.
3. The development information of the two teams will be directly read from the data on the external lineup，and no additional development is required.
4. The beast gods of the two teams can be set separately.
5. Star Gods must be placed in all empty slots before the battle can begin. ",,"Basic rules
1. The soul-killing battle is divided into four types of factories: Olympus，Ocean，Thebes，and Underworld. Different doll factories are opened every day. You can get 20 levels cleared every day，which can be accumulated if not used.

ormation rules
1. In the soul-crushing combat function，two formations will be opened，and you will use two teams at the same time to challenge.
2. Star Gods cannot be reused between two teams.
3. The development information of the two teams will be directly read from the data on the external lineup，and no additional development is required.
4. The beast gods of the two teams can be set separately.
5. Star Gods must be placed in all empty slots before the battle can begin. ",,,,
ClanTowerHowToPlay_Title_BattleRemainTimes,Number of passes,,通關次數,,,,
ClanTowerHowToPlay_Content_BattleRemainTimes,1. You can obtain 20 clearance times every day. Unused clearance times due to insufficient strength or not being online will be retained permanently.,,1. 每日可獲取20次通關次數，因為實力不足或者沒有上線而未使用的通關次數將永久保留。,,,,
,,,,,,,
,,,,,,,
,,,,,,,
,,,,,,,
,,,,,,,
,,,,,,,
,,,,,,,
,,,,,,,
#NewbieTutor,,,,,,,
TutorMsg_Newbie_TeamEditMsg_1,"You can edit our site here.
Different results can be obtained depending on the professional characteristics.
Let’s do this this time! The battle begins! ",,"You can edit our site here.
Different results can be obtained depending on the professional characteristics.
Let’s do this this time! The battle begins! ",,,,
,,,,,,,
,,,,,,,
TutorMsg_Newbie_MainPageMsg_1,Welcome to the city of Thebes~ It’s a very beautiful city with a strong sense of technology，right?,,歡迎來到Thebes城唷~是個很漂亮且科技感很重的城市對吧？,,,,
,,,,,,,
TutorMsg_Newbie_GachaIntroMsg_1,Then let’s meet up with Mamusa first! Follow me~,,那麼我們先去找瑪姆莎會合吧！跟我來~,,,,
TutorMsg_Newbie_TeamEditIntroMsg_1,People are coming and going on the streets of Thebes City. To avoid getting separated，team up with Mamsha first!,,Thebes城街道上人來人往的，以免走散，先與瑪姆莎組隊吧！,,,,
TutorMsg_Newbie_TeamEditIntroMsg_PressEmptyCell,Click on the space to add Mamsha to the team,,點擊空格位置將瑪姆莎加入隊伍,,,,
TutorMsg_Newbie_TeamEditIntroMsg_DragHeroToCell,Drag Mamsha's avatar here to complete the team formation action,,拖拉瑪姆莎的頭像到這裡完成組隊動作,,,,
TutorMsg_Newbie_TeamEditKizunaMsg,In this way，our strength has been strengthened!,,這樣我們的實力又加強了！,,,,
TutorMsg_Newbie_TeamEditHideHeroBottomList,Click to collapse the list of Star Gods,,點擊收起星神列表,,,,
TutorMsg_Newbie_TeamEditEnterHeroDetailPage,We have to become stronger! Click Mamsha to enhance it!,,我們要變得更強才行！點選瑪姆莎來進行強化吧！,,,,
TutorMsg_Newbie_TeamEditEnterHeroLevelupPage,Click "Strengthen" to increase Mamsha's combat power.~,,點擊「強化」來提升瑪姆莎的戰力吧~,,,,
TutorMsg_Newbie_FormationLevelUpPress,You can also strengthen it by 5 levels at a time! Isn't it very convenient?~,,還可以一次強化5級喔！是不是很方便呢~,,,,
TutorMsg_Newbie_FormationLevelUpPressFurtherMsg,By leveling up，you have the opportunity to see the girls in another form.~,,透過升階，有機會可以看到女生們另一個形態呢~,,,,
TutorMsg_Newbie_GoToStage,Click here to claim chapter rewards.,,點擊這裡可領取章節獎勵。,,,,
TutorMsg_Newbie_EmptyNameNotAllowed,Please enter name,,請輸入名字,,,,
,,,,,,,
,,,,,,,
,,,,,,,
,,,,,,,
,,,,,,,
,,,,,,,
,,,,,,,
,,,,,,,
,,,,,,,
,,,,,,,
,,,,,,,
,,,,,,,
,,,,,,,
,,,,,,,
,,,,,,,
,,,,,,,
,,,,,,,
,,,,,,,
,,,,,,,
,,,,,,,
,,,,,,,
,,,,,,,
,,,,,,,
,,,,,,,
,,,,,,,
,,,,,,,
,,,,,,,
,,,,,,,
,,,,,,,
,,,,,,,
,,,,,,,
,,,,,,,
,,,,,,,
,,,,,,,
,,,,,,,
,,,,,,,
,,,,,,,
,,,,,,,
,,,,,,,
,,,,,,,
,,,,,,,
,,,,,,,
,,,,,,,
,,,,,,,
,,,,,,,
,,,,,,,
,,,,,,,
,,,,,,,
,,,,,,,
,,,,,,,
,,,,,,,
,,,,,,,
,,,,,,,
,,,,,,,
,,,,,,,
,,,,,,,
,,,,,,,
#Clan tower - Tutorial,,,,,,,
TutorMsg_ClanTower_1,ClanTower - 1,,ClanTower - 1,,,,
TutorMsg_ClanTower_2,ClanTower - 2,,ClanTower - 2,,,,
TutorMsg_ClanTower_3,ClanTower - 3,,ClanTower - 3,,,,
TutorMsg_ClanTower_4,ClanTower - 4,,ClanTower - 4,,,,
TutorMsg_ClanTower_5,ClanTower - 5,,ClanTower - 5,,,,
TutorMsg_ClanTower_6,ClanTower - 6,,ClanTower - 6,,,,
TutorMsg_ClanTower_7,ClanTower - 7,,ClanTower - 7,,,,
TutorMsg_ClanTower_8,ClanTower - 8,,ClanTower - 8,,,,
TutorMsg_ClanTower_9,ClanTower - 9,,ClanTower - 9,,,,
TutorMsg_ClanTower_10,ClanTower - 10,,ClanTower - 10,,,,
,,,,,,,
#MultiBoss Common,,,,,,,
MultiBoss_Stamina_NextRegen,Restore the next bit of energy:,,下一點精力恢復:,,,,
MultiBoss_Stamina_FullyRegen,Total energy needs to be restored:,,總精力恢復還需:,,,,
,,,,,,,
#MultiBossPage,,,,,,,
MultiBossPageTitle,Ragnarok,,諸神黃昏,,,,
MultiBossPage_difficulty_NORMAL,Normal,,普通,,,,
MultiBossPage_difficulty_HARD,Hard,,困難,,,,
MultiBossPageButtonEditTeam,Edit,,編隊,,,,
MultiBossPageButtonHandbook,Guide,,手冊,,,,
MultiBossPageButtonTodayHarvest,Today's harvest,,今日收獲,,,,
MultiBossPageButtonRanking,Ranking,,排行,,,,
MultiBossPageButtonJoinTeam,Join team,,加入隊伍,,,,
MultiBossPageButtonCreateTeam,Create team,,創建隊伍,,,,
MultiBossPageButtonSoloUnlock,Single player unlock,,單人解鎖,,,,
MultiBossPage_Lock_Description,Activate 3 mechanisms alone to unlock the magic star,,單人啟動3個機關可解鎖魔星,,,,
,,,,,,,
#MultiBossJoinTeamPopup,,,,,,,
MultiBossJoinTeamPopupTitle,Ragnarok,,諸神黃昏,,,,
MultiBossJoinTeamPopupRefreshList,Refresh the list,,刷新列表,,,,
MultiBossJoinTeamPopupTips,"(!) Changing the star god in the team can keep all the training without loss",,"(!) 更換隊伍中的星神, 可無損保留所有養成",,,,
,,,,,,,
#MultiBossLobbyPage,,,,,,,
MultiBossLobbyPageTitle,Ragnarok,,諸神黃昏,,,,
MultiBossLobbyPageNotice,The team is not full， you can invite or wait for other players to join,,隊伍未滿，可邀請或等待其他玩家加入,,,,
MultiBossLobbyPageButtonEditTeam,Formation,,編隊,,,,
MultiBossLobbyPageButtonHandbook,Guide,,手冊,,,,
MultiBossLobbyPageButtonTodayHarvest,Reward,,收獲,,,,
MultiBossLobbyPageButtonInvite,One-click invitation,,一鍵邀請,,,,
MultiBossLobbyPageButtonStartBattle,Start fighting,,開始戰鬥,,,,
MultiBossLobbyPageButtonReady,Ready to complete,,準備完成,,,,
MultiBossLobbyPageButtonUnReady,Cancel preparation,,取消準備,,,,
MultiBossLobbyPageCheckBoxSupport,Help,,助戰,,,,
MultiBossLobbyPageCheckBoxAutoReady,Automatically prepare after 30 seconds,,30秒後自動準備,,,,
MultiBossLobbyPageCheckBoxAutoUse,Automatically used,,自動使用,,,,
MultiBossLobbyPageConsume,Consume:,,消耗:,,,,
MultiBossLobbyPagePermission,Permission:,,許可權:,,,,
MultiBossLobbyPagePowerLimit,Combat power:,,戰力:,,,,
MultiBossLobbyPagePlayerSupport,Help,,助戰,,,,
MultiBossLobbyPagePlayerReady,Ready to complete,,準備完成,,,,
MultiBossLobbyPagePlayerLeader,Team leader,,隊長,,,,
MultiBossLobbyPagePlayerEmpty,Standby,,待機中,,,,
MultiBossLobbyPageMembersNotReady,The team is not ready yet,,隊伍未準備完成,,,,
MultiBossLobbyPageNotEnoughEnergy,Lack of energy,,精力不足,,,,
MultiBossLobbyPageHelperCountWarning,The number of assisters cannot exceed 2 people,,助戰人數不能超過2人,,,,
PresetMessagePopupTitle,Quick speech,,快捷發言,,,,
PresetMessagePopupText_1,Please hurry up and prepare,,請快點準備,,,,
PresetMessagePopupText_2,Can you take me with you?,,可以帶帶我嗎,,,,
PresetMessagePopupText_3,Fight together until we run out of energy,,一起打到精力不足,,,,
PresetMessagePopupText_4,Remember to replenish your lack of energy,,記得補充精力不足,,,,
PresetMessagePopupText_5,"I have to leave and play again next time",,"我要離開了,下次再玩",,,,
PresetMessagePopupText_6,Thanks to the boss for taking me,,感謝大佬帶我,,,,
PresetMessagePopupText_7,感谢感谢感谢大佬带我,,感謝感謝感謝大佬帶我,,,,
AdjustOrderPopupTitle,Thank you thank you boss for taking me,,調整出戰順序,,,,
AdjustOrderPopupText_1,First battle,,首戰,,,,
AdjustOrderPopupText_2,Second battle,,次戰,,,,
AdjustOrderPopupText_3,Final battle,,末戰,,,,
PrivilegePopupTitle,Perform operations,,進行操作,,,,
PrivilegePopupText_1,View information,,查看情報,,,,
PrivilegePopupText_2,kicked out of room,,踢出房間,,,,
MultiBossLobbyPageKickFromTeamAlert,You have been kicked out of the room,,你已被踢出房間,,,,
MultiBossEnergyPurchasePopupTitle,Hint,,提示,,,,
MultiBossEnergyPurchasePopupContent_1,Energy exceeds upper limit,,精力超過上限,,,,
MultiBossEnergyPurchasePopupContent_2,The number of energy purchases has been exhausted,,精力購買次數已用完,,,,
MultiBossAutoUsePopup_Title,Choose automatic usage quantity,,選擇自動使用數量,,,,
MultiBossAutoUsePopup_Desc,MultiBossAutoUsePopup_Desc,,MultiBossAutoUsePopup_Desc,,,,
MultiBossBattleConfirmPopupTitle,Hint,,提示,,,,
MultiBossBattleConfirmPopupContent,"Your team has less than 3 people. Are you sure you want to start the battle?",,"你的隊伍未滿3人, 確定要開始戰鬥?",,,,
MultiBossLobby_BattleAlert_HelperNotMatch,There must be at least one person in the non-assistant state,,必須有至少一人為 非助戰狀態,,,,
MultiBossLobby_BattleAlert_MembersNotReady,Team members are not ready to complete,,隊伍成員未準備完成,,,,
MultiBossInviteChatMessage,"{0} sends an invitation to {1} <link=""{2}""><#33C3BF><Join></link>",,"{0}發出{1}的邀請 <link=""{2}""><#33C3BF><加入></link>",,,,
,,,,,,,
,,,,,,,
#Multi Boss Solo Unlock,,,,,,,
multiBossUnlock_title,Unlock - {0},,解鎖 - {0},,,,
multiBossUnlock_serverUnlockedCount,Number of people unlocked in this server : <color=#ffe49b>{0}</color>,,本服解鎖人數 : <color=#ffe49b>{0}</color>,,,,
multiBossUnlock_firstUnlockPlayer,Unlocked for the first time : <color=#ffe49b>{0}</color>,,首次解鎖 : <color=#ffe49b>{0}</color>,,,,
multiBossUnlock_reward_title,First time unlock reward,,首次解鎖獎勵,,,,
multiBossUnlock_unlockHint,Defeat all guardians in a row to unlock[{0}],,連續擊敗全部守護者可以解鎖[{0}],,,,
multiBossUnlock_requirement_format,Conditions: <color=#ffe49b>Limit {0} people</color>,,條件 : <color=#ffe49b>限制{0}人</color>,,,,
,,,,,,,
MultiBossPageLobbySettingPopupTitle,Ragnarok,,諸神黃昏,,,,
MultiBossPageLobbyTitle,Ragnarok,,諸神黃昏,,,,
,,,,,,,
MultiBossHowToPlay,Ragnarok,,諸神黃昏,,,,
MultiBossLobbyHowToPlay,Ragnarok gameplay,,諸神黃昏玩法,,,,
,,,,,,,
#MultiBossDifficultySelectPopup,,,,,,,
MultiBossDifficultySelectPopupTitle,Ragnarok,,諸神黃昏,,,,
MultiBossDifficultySelectPopupBossSelect,Copy selection,,副本選擇,,,,
MultiBossDifficultySelectPopupPowerLimit,Combat strength limit,,戰力限制,,,,
MultiBossDifficultySelectPopupTeamPermission,Team permissions,,隊伍權限,,,,
MultiBossDifficultySelectPopupEveryone,Everyone,,所有人,,,,
MultiBossDifficultySelectPopupOnlyInvite,Invite only,,僅邀請,,,,
MultiBossDifficultySelectPopupCreateTeam,Create a team,,創建隊伍,,,,
,,,,,,,
#MultiBossHandBookPopup,,,,,,,
MultiBossHandBookPopupTabRecord,Record,,記錄,,,,
MultiBossHandBookPopupTabStrategy,Strategy,,攻略,,,,
MultiBossHandBookPopupTabIntro,Introduction,,簡介,,,,
MultiBossHandBookPopupChallengeBoss,Challenge the Star God:,,挑戰星神:,,,,
MultiBossHandBookPopupFirstClearTeam,The first customs clearance team in this server,,本服首支通關隊伍,,,,
MultiBossHandBookPopupFirstClearReward,First pass reward,,首次通關獎勵,,,,
,,,,,,,
#MultiBossInvitePopup,,,,,,,
MultiBossInvitePopupTitle,Invite,,邀請,,,,
MultiBossHandBookPopupTabFriend,Friends,,好友,,,,
MultiBossHandBookPopupTabGuild,Guild,,公會,,,,
MultiBossHandBookPopupTabRecent,Recently,,最近,,,,
,,,,,,,
#MultiBossTodayHarvestPopup,,,,,,,
MultiBossTodayHarvestPopupTitle,Today's harvest,,今日收獲,,,,
MultiBossTodayHarvestPopupDesc,Today， we successfully formed a team for {0} expeditions and received the following rewards:,,今日共成功組隊討伐{0}次，獲得如下獎勵:,,,,
,,,,,,,
#PvpEntry,,,,,,,
PvpEntryPageTitle,Olympus athletics,,奧林匹斯競技,,,,
LocalArenaBanner,Arena,,鬥技場,,,,
LocalTournamentBanner,Knockout round,,淘汰賽,,,,
GlobalArenaBanner,King of battle,,皇者爭鋒,,,,
Global3v3Banner,Platinum Arena,,白金鬥技場,,,,
PvpEntryBannerRemainTime,Time left: <color=#1EB2FF>{0}</color>,,剩餘時間: <color=#1EB2FF>{0}</color>,,,,
PvpEntryBannerSeason,Complete missions to receive Ares coins,,賽季 {0},,,,
PvpEntryBannerUnlock,{0} level unlocked,,{0}級解锁,,,,
,,,,,,,
#GlobalArena,,,,,,,
GlobalArenaPageTitle,King of battle,,皇者爭鋒,,,,
GlobalArenaSeasonId,Season information,,賽季 <size=50>{0}</size>,,,,
GlobalArenaSeasonRemainTime,Time left :,,剩餘時間 :,,,,
GlobalArenaSeasonEnd,Season is over,,賽季已結束,,,,
GlobalArenaCurrentPoint,Current points :,,當前積分 :,,,,
GlobalArenaEloDisplay,{0}P,,{0}P,,,,
GlobalArenaWinRate,Winning rate :,,勝率 :,,,,
GlobalArenaServerAreaRanking,Partition ,,分區,,,,
GlobalArenaServerRanking,Server Ranking,,本服,,,,
GlobalArenaTeamEditButton,Formation,,編隊,,,,
GlobalArenaBattleReportButton,Battle report,,戰報,,,,
GlobalArenaBattleReportPopup_Title,Battle report,,戰報,,,,
GlobalArenaRankingButton,Ranking,,排行,,,,
GlobalArenaShopButton,Shop,,商店,,,,
GlobalArenaRewardButton,Reward,,獎勵,,,,
GlobalArenaMacthingButton,Matching,,匹配,,,,
GlobalArenaNewSeasonPopupTitle,New season begins,,新賽季開始,,,,
GlobalArenaNewSeasonPopupContent,"At the beginning of the new season，points will be reset to <color=#1166CC>{0}</color>
Last season your server ranked No.<size=30><color=#1166CC>{1}</color></size>名！",,"At the beginning of the new season，points will be reset to<color=#1166CC>{0}</color>
Last season your server ranked No.<size=30><color=#1166CC>{1}</color></size>名！",,,,
GlobalArenaNewSeasonPopupContent_New,The new season starts with points starting from<color=#1166CC>{0}</color>,,新賽季開始，積分起始為<color=#1166CC>{0}</color>,,,,
GlobalArenaNewSeasonPopupConfirmButton,Confirm,,知道了,,,,
GlobalArenaPopupScoreChangeBubble_Title,Points change,,積分變化,,,,
GlobalArenaPopupScoreChangeBubble_Desc,During the time you were away，your points changed to:,,在你離開的這段時間，你的積分變化為:,,,,
GlobalArenaRankingTitleDetailPopupTips,After advancing to a higher rank，you can receive generous rewards!,,晉級更高段位後可領取豐厚獎勵！,,,,
GlobalArenaRankingGroupedTitle7,Ares,,戰神,,,,
GlobalArenaRankingGroupedTitle6,God Warrior,,神鬥士,,,,
GlobalArenaRankingGroupedTitle5,Light Diamond Fighter,,光鑽鬥士,,,,
GlobalArenaRankingGroupedTitle4,Golden Fighter,,黃金鬥士,,,,
GlobalArenaRankingGroupedTitle3,Silver Fighter,,白銀鬥士,,,,
GlobalArenaRankingGroupedTitle2,Bronze warrior,,青銅鬥士,,,,
GlobalArenaRankingGroupedTitle1,First Class Sword Fighter,,一等劍鬥士,,,,
GlobalArenaRankingGroupedLevel3,III:,,III:,,,,
GlobalArenaRankingGroupedLevel2,II:,,II:,,,,
GlobalArenaRankingGroupedLevel1,I:,,I:,,,,
GlobalArenaRankingTitle1,Ares,,戰神,,,,
GlobalArenaRankingTitle2,God Warrior,,神鬥士,,,,
GlobalArenaRankingTitle3,Light Diamond Fighter,,光鑽鬥士,,,,
GlobalArenaRankingTitle4,Golden Fighter III,,黃金鬥士III,,,,
GlobalArenaRankingTitle5,Golden Fighter II,,黃金鬥士II,,,,
GlobalArenaRankingTitle6,Golden Fighter I,,黃金鬥士I,,,,
GlobalArenaRankingTitle7,Silver Fighter III,,白銀鬥士III,,,,
GlobalArenaRankingTitle8,Silver Fighter II,,白銀鬥士II,,,,
GlobalArenaRankingTitle9,Silver Fighter I,,白銀鬥士I,,,,
GlobalArenaRankingTitle10,Bronze warrior III,,青銅鬥士III,,,,
GlobalArenaRankingTitle11,Bronze warrior II,,青銅鬥士II,,,,
GlobalArenaRankingTitle12,Bronze warrior I,,青銅鬥士I,,,,
GlobalArenaRankingTitle13,First Class Sword Fighter III,,一等劍鬥士III,,,,
GlobalArenaRankingTitle14,First Class Sword Fighter II,,一等劍鬥士II,,,,
GlobalArenaRankingTitle15,First Class Sword Fighter I,,一等劍鬥士I,,,,
GlobalArenaRankingTitle_Limited,Limited to {0} people,,{0}人限定,,,,
GlobalArenaHighestRankingPointTips,Best ever,,史上最高,,,,
GlobalArenaReplayPopup_Win,Victory,,勝利,,,,
GlobalArenaReplayPopup_Lose,Lose,,失敗,,,,
GlobalArenaReplayPopup_EloWin,Points+{0},,積分+{0},,,,
GlobalArenaReplayPopup_EloLose,Points-{0},,積分-{0},,,,
GlobalArenaResultBattleWin,Battle Victory:,,戰鬥勝利：,,,,
GlobalArenaResultBattleLose,Battle failed:,,戰鬥失敗：,,,,
GlobalArenaResultRankingPointUp,<color=#60D5DC>Points+{0}</color>,,<color=#60D5DC>積分+{0}</color>,,,,
GlobalArenaResultRankingPointDown,<color=#DC5656>Points-{0}</color>,,<color=#DC5656>積分-{0}</color>,,,,
GlobalArenaTotleRankingPoint,Total score:,,總分：,,,,
GlobalArenaRankingTitleUpTips,Rank rise,,段位上升,,,,
GlobalArenaEventPageTitle,King's Contest Event,,皇者爭鋒活動,,,,
GlobalArenaEventRewardBarRanking,No. {0}-{1},,第{0}-{1}名,,,,
GlobalArenaEventRewardBarRanking_Self,No. {0},,第{0}名,,,,
GlobalArenaEventRewardBarRanking_NoRank,Not on the list,,未上榜,,,,
GlobalArenaEventPageRedirectButton,Heading to the knockout rounds>>,,前往淘汰賽>>,,,,
GlobalArenaRewardDetailPopup_Daily,Daily,,每日,,,,
GlobalArenaRewardDetailPopup_Daily_BattleCount,Challenge of the Emperor {0} times,,皇者爭鋒挑戰{0}次,,,,
GlobalArenaRewardDetailPopup_Daily_WinCount,King's Clash Victory {0} times,,皇者爭鋒勝利{0}次,,,,
GlobalArenaRewardDetailPopup_Daily_Progress,Progress: <color=#DC5656>{0}</color>/{1},,進度 : <color=#DC5656>{0}</color>/{1},,,,
GlobalArenaRewardDetailPopup_RankGroup,Rank,,段位,,,,
GlobalArenaRewardDetailPopup_RankGroup_EloMin,Points reached: {0}P,,積分達到 : {0}P,,,,
GlobalArenaRewardDetailPopup_Season,Season rankings,,賽季排行,,,,
GlobalArenaRewardDetailPopup_Claim,Receive,,領取,,,,
GlobalArenaRewardDetailPopup_AlreadyClaimed,Received,,已領取,,,,
GlobalArenaRewardDetailPopup_NotAvailable,Unacommpolished,,未達成,,,,
GlobalArenaRewardDetailPopup_Elo,Points: {0}P,,積分 : {0}P,,,,
GlobalArenaRewardDetailPopup_CurrentRankGroup,My rank: {0},,我的段位 : {0},,,,
GlobalArenaRewardDetailPopup_HighestRankGroup,Season high: {0},,賽季最高 : {0},,,,
GlobalArena_ShareReplay,Battle report record: <color=#33C3BF>{0}</color> Battle <color=#33C3BF>{1}</color> <link={2}><color=#33C3BF>View ></link>,,戰報記錄: <color=#33C3BF>{0}</color> 對戰 <color=#33C3BF>{1}</color> <link={2}><color=#33C3BF>查看 ></link>,,,,
GlobalArena_HelpInfo_Title,Explanation,,說明,,,,
GlobalArena_HelpInfo_Desc,"Rules of the Challenge
1. All players above level 40 can participate in Clash of Kings; Clash of Kings is a season settlement system, and each season lasts for 1 week.
2. During the opening of the season, players can engage in unlimited matching and battles.
3. During the battle, the system will read the player's current lineup for the battle.

Points rules
1. The player’s initial score is 1000 points, and the rank is First Class Sword Fighter I; the rank is divided into 15 ranks in total.
2. Each rank has corresponding points requirements. Among them, there are upper limits for the number of Light Diamond Warriors, God Warriors and Gods of War. They need to rank 200, 50, and 10 in the Battle of Kings zone and reach the corresponding points. Promote to relevant rank
3. Each challenge will be based on the player's current rank and the point difference with the target. Points will be added to the winner and points will be deducted to the loser.
4. When each season starts, the initial points of the current season will be reset based on the final points of the previous season.

Battle report rules
1. Every player-related game (battle report when challenging or being challenged) will be saved in the player's battle report record
2. The battle report can save up to 20 records, which are sorted in chronological order. The new battle report will replace the old battle report.
3. Each battle report is kept for 3 days and will be automatically deleted after 3 days.
4. Players can send the battle report to the guild channel so that other guild members can watch the battle report of the battle.

Bonus rules
1. Players will have 4 task rewards to receive every day: participate in the Clash of Kings 5/10 times, and win the Clash of Kings 2/5 times; complete the rewards to receive them
2. When players upgrade to a new rank in each season, they can receive rewards corresponding to that rank.
3. At the end of each season, season settlement rewards ",," challenge rules will be sent based on the player's ranking in this server.
1. All players above level 40 can participate in Clash of Kings; Clash of Kings is a season settlement system, and each season lasts for 1 week.
2. During the opening of the season, players can engage in unlimited matching and battles.
3. During the battle, the system will read the player's current lineup for the battle.

Points rules
1. The player’s initial score is 1000 points, and the rank is First Class Sword Fighter I; the rank is divided into 15 ranks in total.
2. Each rank has corresponding points requirements. Among them, there are upper limits for the number of Light Diamond Warriors, God Warriors and Gods of War. They need to rank 200, 50, and 10 in the Battle of Kings zone and reach the corresponding points. Promote to relevant rank
3. Each challenge will be based on the player's current rank and the point difference with the target. Points will be added to the winner and points will be deducted to the loser.
4. When each season starts, the initial points of the current season will be reset based on the final points of the previous season.

Battle report rules
1. Every player-related game (battle report when challenging or being challenged) will be saved in the player's battle report record
2. The battle report can save up to 20 records, which are sorted in chronological order. The new battle report will replace the old battle report.
3. Each battle report is kept for 3 days and will be automatically deleted after 3 days.
4. Players can send the battle report to the guild channel so that other guild members can watch the battle report of the battle.

Bonus rules
1. Players will have 4 task rewards to receive every day: participate in the Clash of Kings 5/10 times, and win the Clash of Kings 2/5 times; complete the rewards to receive them
2. When players upgrade to a new rank in each season, they can receive rewards corresponding to that rank.
3. At the end of each season, season settlement rewards will be sent based on the player's ranking in this server",,,,
GlobalArena_NotEnoughLevel,Grade{0} unlocks Battle of the Kings,,等級{0}解鎖皇者爭鋒,,,,
GlobalArena_BattleResult_Win,"Congratulations, you defeated {0}",,"恭喜, 你戰勝了{0}",,,,
GlobalArena_BattleResult_Lose,You were defeated by {0},,你被{0}擊敗了,,,,
GlobalArena_ReplayBattleResult_Win,{0} defeated {1},,{0}戰勝了{1},,,,
GlobalArena_ReplayBattleResult_Lose,{0} was defeated by {1},,{0}被{1}擊敗了,,,,
GlobalArena_BattleReportPopup_Tab_OWN,My battle report,,我的戰報,,,,
GlobalArena_BattleReportPopup_Tab_ALL,Full server battle report,,全服戰報,,,,
GlobalArena_BattleReportPopup_Tab_GLOBAL,War zone battle report,,戰區戰報,,,,
GlobalArena_BattleReportPopup_Tab_LOCAL,Battle report of this server,,本服戰報,,,,
GlobalArena_BattleReportPopup_Battle,Battle,,對戰,,,,
GlobalArena_BattleReportPopup_Share,Share to,,分享到,,,,
GlobalArena_BattleReportPopup_Share_Guild,Guild,,公會,,,,
GlobalArena_BattleReportPopup_Share_Friend,Friends,,好友,,,,
,,,,,,,
#LocalArena,,,,,,,
LocalArenaPageTitle,Arena,,鬥技場,,,,
LocalArenaPageTips,Corresponding ranking rewards will be distributed at 22:00 every day,,每日22:00發放對應排名獎勵,,,,
LocalArenaPageMyRank,My ranking:   ,,我的排名:   ,,,,
LocalArenaPageCurrentReward,Current ranking rewards:   ,,當前排名獎勵:   ,,,,
LocalArenaPageChallengeRemain,Number of challenges:   ,,挑戰次數:   ,,,,
LocalArenaPageButtonDailyReward,Daily rewards,,每日獎勵,,,,
LocalArenaPageButtonBattleRecord,Battle report,,戰報,,,,
LocalArenaPageButtonRanking,Ranking list,,排行榜,,,,
LocalArenaPageButtonShop,Shop,,商店,,,,
LocalArenaPageButtonRefresh,Refresh,,換一批,,,,
LocalArenaPageButtonTeamLock,Team,,隊伍,,,,
LocalArenaHowToPlay,"Challenge description
1. PVP is a personal arena. You can improve your ranking by challenging other players in this server.
2. You can challenge 10 times for free every day， and then you can use 10 crown stones to purchase times. The free times are reset at 05:00 every day.
3. When you successfully challenge a player with a higher ranking，you will be replaced in that player's ranking: When you are successfully challenged by a player with a lower ranking，you will also be replaced in that player's ranking.

Reward description
1. Each time the challenge is successful, you can receive a treasure box reward and choose 1 treasure box among 3 treasure boxes.
2. When a player's historical highest ranking reaches a certain level, he or she can immediately receive a one-time ranking reward.
3. At 22:00 every day, the system will issue settlement rewards based on the player’s ranking.
4. The new server will immediately start the Arena activity, and you can get additional settlement rewards on the 3rd day after the server is launched.",,"Challenge Description
1. PVP is a personal arena. You can improve your ranking by challenging other players in this server.
2. You can challenge 10 times for free every day, and then you can use 10 crown stones to purchase times. The free times are reset at 05:00 every day.
3. When you successfully challenge a player with a higher ranking, you will be replaced in that player's ranking: When you are successfully challenged by a player with a lower ranking, you will also be replaced in that player's ranking.

Reward description
1. Each time the challenge is successful, you can receive a treasure box reward and choose 1 treasure box among 3 treasure boxes.
2. When a player's historical highest ranking reaches a certain level, he or she can immediately receive a one-time ranking reward.
3. At 22:00 every day, the system will issue settlement rewards based on the player’s ranking.
4. The new server will start Arena activities immediately, and you can get additional settlement rewards on the 3rd day after the server is launched.",,,,
LocalArenaChallengerCell_Rank,{0} bits,,{0} bits,,,,
LocalArena_ResetChallenge_Seconds,Can be replaced after {0} seconds,,Can be replaced after {0} seconds,,,,
,,,,,,,
#BattleRecordPopup,,,,,,,
BattleRecordPopupTitle,Battle report,,戰報,,,,
BattleRecordPopupVictory,Victory,,勝利,,,,
BattleRecordPopupDefeat,Defeat,,失敗,,,,
BattleRecordPopupRankUnchange,Ranking remains unchanged,,排名不變,,,,
BattleRecordPopupRank,Rank:{0},,排名:{0},,,,
BattleRecordPopupShareBubbleTitle,Share to,,分享到,,,,
BattleRecordPopupShareToGuild,Guild,,公會,,,,
BattleRecordPopupShareToFriend,Friends,,好友,,,,
BattleRecordBarRankUpFormat,{0} positions,,{0} 位,,,,
BattleRecordBarRankDownFormat,{0} positions,,{0} 位,,,,
,,,,,,,
#LocalArenaRankupPopup,,,,,,,
LocalArenaRankupPopupTitle,Ranking up,,排位上升,,,,
LocalArenaRankupPopupMyRank,Your ranking rises to:,,你的排名上升為:,,,,
LocalArenaRankupPopupMyHighestRank,Your highest rank,,歷史最高排名上升至,,,,
LocalArenaRankupPopupReward,Earn rewards:,,獲得獎勵:,,,,
LocalArenaRankupPopupNoReward,Continue to improve the ranking to 3000 to get OOO,,繼續提升至排名至3000名可獲得OOO,,,,
,,,,,,,
#PlayerFormationInfoPopup,,,,,,,
PlayerFormationInfoPopupTitle,Lineup information,,陣容資訊,,,,
LevelFormat,Grade: {0},,等級: {0},,,,
,,,,,,,
#PVPQuickChallenge,,,,,,,
pvp_quick_challenge_title,Quick challenge,,快速挑戰,,,,
pvp_quick_challenge_success_times,You have successfully challenged {0} times,,你已成功挑戰{0}次,,,,
pvp_quick_challenge_remaining_times,Number of challenges remaining: {0},,剩餘挑戰次數: {0},,,,
pvp_quick_challenge_round_num,Round {0},,第{0}輪,,,,
pvp_quick_challenge_item_amount,{0} x{1},,{0} x{1},,,,
pvp_quick_challenge_total_gain,Total obtained,,共計獲得,,,,
pvp_quick_challenge_multiple_challenge_btn,Fight {0} times,,戰{0}次,,,,
pvp_quick_challenge_confirm_btn,Confirm,,確定,,,,
btn_challenge5x,Fight 5 times,,戰5次,,,,
PVPQuickChallengePopup_Confirm,Confirm,,確定,,,,
,,,,,,,
#PVPBuyAddtionalTimes,,,,,,,
pvp_buy_additional_times_title,Number of purchases,,次數購買,,,,
pvp_buy_additional_times_remaining_times,Remaining times: {0}/{1},,剩餘次數: {0}/{1},,,,
pvp_buy_additional_times_total_spend,Total cost:,,總共花費:,,,,
pvp_buy_additional_times_cancel,Cancel,,取消,,,,
pvp_buy_additional_times_confirm,Confirm,,確定,,,,
pvp_buy_additional_times_item_format,x{0},,x{0},,,,
pvp_buy_additional_remaining,Purchase challenge times,,購買挑戰次數,,,,
,,,,,,,
#PVPDailyReward,,,,,,,
pvp_daily_reward_title,Daily rewards,,每日獎勵,,,,
pvp_daily_reward_tips,Ranking rewards will be distributed based on ranking at 22:00 every day,,每日22:00根據排名發放排名獎勵,,,,
pvp_daily_reward_top_rank,No. {0},,第{0}名,,,,
pvp_daily_reward_rank_to_from_format,No. {0}-{1},,第{0}-{1}名,,,,
pvp_daily_reward_my_rank,My ranking,,我的排名,,,,
,,,,,,,
#Maze Main Page,,,,,,,
maze_level_alert,Unlock the Zodiac Palace after reaching level 31,,到達31級後解鎖十二星宮,,,,
maze_page_title,Zodiac sign,,十二星宮,,,,
maze_page_current_progress,Current challenge: Level <color=#eed0ff>{0}/{1}</color>,,當前挑戰: 第<color=#eed0ff>{0}/{1}關</color>,,,,
maze_page_new_challenge,Start a new challenge,,開啟新挑戰,,,,
maze_page_change_enemy_team,Refresh {0} times,,換一批{0}次,,,,
maze_page_buff_btn,Token,,令牌,,,,
maze_page_rank_btn,Ranking,,排行,,,,
maze_page_clear_rank_btn,Ranking list,,排行榜,,,,
maze_page_store_btn,Treasure,,寶藏,,,,
maze_page_auto_btn,Automatic challenge,,自動挑戰,,,,
maze_page_treasure,Mysterious Star Palace Treasure Chest,,神秘的星宮寶箱,,,,
maze_select_token_dialog,Select token,,選擇令牌,,,,
maze_select_token_title,Choose a token to get,,選擇一個令牌獲得,,,,
maze_select_buff_dialog,Select attribute bonus,,選擇屬性加成,,,,
maze_select_buff_title,Choose a bonus attribute,,選擇一個加成屬性,,,,
maze_page_change_enemy_team_limit_alert,The number of refreshes today has been exhausted,,今日刷新次數已用完,,,,
maze_page_clear_label,Completed!,,已通關!,,,,
maze_page_clear_dialog_title,Congratulations on passing the level,,恭喜通關,,,,
maze_page_clear_dialog_beat_player,Defeated players: {0},,戰敗玩家: {0},,,,
maze_page_clear_dialog_treasure,Open treasure chest: {0},,開啟寶箱: {0},,,,
maze_page_clear_dialog_point,Total points earned: {0},,獲得總積分: {0},,,,
maze_page_clear_dialog_event,Triggering event: {0},,觸發事件: {0},,,,
maze_page_clear_dialog_token,Battle Use Tokens,,戰鬥使用令牌,,,,
maze_page_clear_dialog_buff,Fight and get rewards,,戰鬥獲得獎勵,,,,
maze_page_clear_store_label,Find treasure,,發現財寶,,,,
maze_page_might_alert_title,Hint,,提示,,,,
maze_page_might_alert,Your combat power is higher than your opponent with {0} stars. You can get better rewards by challenging with higher stars. Do you want to continue challenging?,,你的戰力高於{0}星對手，挑戰更高星數可獲得更好的獎勵，是否繼續挑戰?,,,,
maze_page_buff_info_title,Attributes,,屬性,,,,
maze_page_no_buff,No attribute bonus yet,,暫無屬性加成,,,,
Maze_ChallengeFailedTitle,Automatic challenge,,自動挑戰,,,,
Maze_ChallengeFailedContent,The battle failed and the automatic challenge has been stopped.,,戰鬥失敗，自動挑戰已Stop。,,,,
,,,,,,,
maze_HP_description,Maximum health increased by 30%,,生命值上限增加30%,,,,
maze_ATK_description,Attack power increased by 45%,,攻擊力增加45%,,,,
maze_ACC_description,Hit rate increased by 16%,,命中率增加16%,,,,
maze_DMG_RES_description,Damage taken reduced by 23%,,承受傷害減少23%,,,,
maze_PHY_DEF_description,Physical defense increased by 12%,,物理防禦增加12%,,,,
maze_HIT_RATE_description,Hit rate increased by 16%,,命中率增加16%,,,,
maze_DMG_DECR_RATE_description,Damage reduction 23%,,傷害減免23%,,,,
,,,,,,,
MazePageHowToPlay,"Challenge Rules
1. The Twelve Stars Palace is divided into 12 levels. Each level has 3 randomly selected opponents for challenge.
2. The difficulty of the opponent is divided into easy (1 star)，normal (2 stars)，and difficult (3 stars). You can get different number of stars by challenging different difficulties.
3. In each level， defeat one of the opponents to enter the next level.
4. After each challenge，3 random attribute bonuses will appear. Players can choose 1 of them to obtain. The attribute effects can be superimposed during the current gameplay.
5. Successfully defeating all levels is considered as passing the level.
6. The twelve zodiac signs can be reset once a day

Bonus rules
1. Every time you challenge players，you can get rewards
2. The higher the difficulty of the challenge，the better the rewards will be.
3. Challenge players to get stars. Accumulate stars to get a star treasure chest. After resetting the gameplay，the star treasure chest will be reset.
4. After every three levels of challenge，players will get a mysterious treasure box，which can be opened once for free. ",,"Challenge Rules
1. The Twelve Stars Palace is divided into 12 levels，and each level is randomly selected with 3 difficult opponents for challenge.
2. The difficulty of the opponent is divided into easy (1 star)，normal (2 stars)，and difficult (3 stars). You can get different numbers of stars by challenging different difficulties.
3. In each level，defeat one of the opponents to enter the next level.
4. After each challenge，3 random attribute bonuses will appear. Players can choose one of them to obtain. The attribute effects can be superimposed during the current gameplay.
5. Successfully defeating all levels is considered as passing the level.
6. The twelve zodiac signs can be reset once a day

Bonus rules
1. Every time you challenge players，you can get rewards
2. The higher the difficulty of the challenge，the better the rewards will be.
3. Challenge players to get stars. Accumulate stars to get a star treasure chest. After resetting the gameplay，the star treasure chest will be reset.
4. After every three levels of challenge，players will get a mysterious treasure box，which can be opened once for free.",,,,
,,,,,,,
,,,,,,,
#Maze Battle,,,,,,,
maze_battle_result_win_content_1,Congratulations on your victory {0},,恭喜你戰勝了{0},,,,
maze_battle_result_win_content_2,Earn points: <color=#ffffff>{0}</color>,,maze,,,,
maze_battle_result_win_content_3,Earn rewards,,獲得獎勵,,,,
maze_battle_token,Token:,,令牌:,,,,
maze_battle_token_use,Use,,使用,,,,
maze_battle_token_used,Used,,已使用,,,,
maze_battle_token_activate_title,{0}Start up,,{0}啟動,,,,
maze_battle_token_activate_content,{1},,{1},,,,
MazeBattleResultWinTips,Congratulations on your victory,,恭喜你戰勝了,,,,
,,,,,,,
#MazeRankingPopup,,,,,,,
MazeRankingPopupTitle,Zodiac sign,,十二星宮,,,,
MazeRankingPopupTabLocal,Ranking of this server,,本服排行,,,,
MazeRankingPopupTabGlobal,Division ranking,,分區排行,,,,
MazeRankingPopupPlayerRank,Ranking,,名次,,,,
MazeRankingPopupPlayerName,Player name,,玩家名稱,,,,
MazeRankingPopupPlayerPower,Combat power,,戰力,,,,
MazeRankingPopupPlayerPoint,Points,,積分,,,,
,,,,,,,
#MazeTreasurePreviewPopup,,,,,,,
MazeTreasurePreviewPopupReqTitle,Required to receive rewards:,,領取獎勵需要:,,,,
MazeTreasurePreviewPopupReqStar,The number of stars reached,,星數達到,,,,
,,,,,,,
#MazeClearPopup,,,,,,,
MazeClearPopupTitle,Congratulations on passing the level,,恭喜通關,,,,
MazeClearPopupDefeatedPlayer,Defeat player:  ,,擊敗玩家:  ,,,,
MazeClearPopupOpenedTreasure,Open treasure chest:,,開啟寶箱:,,,,
MazeClearPopupObtainedPoints,Total points earned:,,獲得總積分:,,,,
MazeClearPopupTriggeredEvent,Trigger event:,,觸發事件:,,,,
MazeClearPopupRewardTitle,Fight and get rewards,,戰鬥獲得獎勵,,,,
MazeClearShopPopup_Discount,{0}%off,,{0}%off,,,,
MazeClearShopPopup_OriginalPrice,Original price: {0},,原價:{0},,,,
,,,,,,,
#MazeSelectBuffPopup,,,,,,,
MazeSelectBuffPopupBanner,Select attribute bonus,,選擇屬性加成,,,,
MazeSelectBuffPopupNotice,Choose an attribute bonus,,選擇一個屬性加成,,,,
,,,,,,,
#MazeAutoChallengeSettingPopup,,,,,,,
MazeAutoChallengeSettingPopupTitle,Automatic challenge settings,,自動挑戰設置,,,,
MazeAutoChallengeSettingPopupLevel,Default challenge star rating,,默認挑戰星級,,,,
MazeAutoChallengeSettingPopupBuff,Whether to obtain attributes automatically and randomly,,是否自動隨機獲得屬性,,,,
,,,,,,,
#CampaignTower,,,,,,,
CampaignTowerPageTitle,Styx Exploration,,冥河探索,,,,
CampaignTowerTutorialPopupTitle,Explanation,,說明,,,,
CampaignTowerPageLevelTitle,Current level: Level {0},,當前關卡：第{0}層,,,,
CampaignTowerMissionButton,Task dispatch,,任務派遣,,,,
CampaignTowerSpeedUpButton,Quick profit,,快速收益,,,,
CampaignTowerRankingButton,Ranking,,排行,,,,
CampaignTowerAutoBattleButton,Auto battle,,自動戰鬥,,,,
CampaignTowerPageMissionAlert,Unlocked after clearing the first level,,通關第一層解鎖,,,,
CampaignTowerPageSpeedUpAlert,Unlocked after clearing the first level,,通關第一層解鎖,,,,
CampaignTowerPageRewardAlert,Unlocked after clearing the first level,,通關第一層解鎖,,,,
CampaignTowerPageBattleAlert,Not open,,未開放,,,,
,,,,,,,
#CampaignTowerSpeedupRewardPopup,,,,,,,
CampaignTowerSpeedupReward_Title,Quick profit,,快速收益,,,,
CampaignTowerSpeedupReward_Counter,Number of times remaining today: {0},,今日剩餘次數：{0},,,,
CampaignTowerSpeedupReward_Content,With the help of the power of the Styx， you can immediately get <color=#1166cc>{0} minutes</color> of network benefits by rotating the time.,,借助冥河之力，輪轉時間，立即獲得<color=#1166cc>{0}分鐘</color>的掛網收益。,,,,
CampaignTowerSpeedupReward_Cost,Consumption:,,消耗：,,,,
CampaignTowerSpeedupRewardPopupLimit,The number of purchases today has reached the limit,,今日購買次數已達上限,,,,
,,,,,,,
#CampaignTowerMissionPopup,,,,,,,
CampaignTowerMissonPopupTitle,Task dispatch,,任務派遣,,,,
CampaignTowerMissonPopupMisson,Task,,任務,,,,
CampaignTowerMissonPopupStar,Mission star,,任務星級,,,,
CampaignTowerMissonPopupReward,Award,,獎勵,,,,
CampaignTowerMissonPopupState,Status,,狀態,,,,
CampaignTowerMissonPopupDuration,{0} hours,,{0}小時,,,,
CampaignTowerMissonPopupInProgress,Currently being dispatched...,,派遣中...,,,,
CampaignTowerMissonPopupCompleted,Dispatch mission completed,,已完成派遣任務,,,,
CampaignTowerMissonPopupSendButton,Dispatch,,派遣,,,,
CampaignTowerMissonPopupGetButton,Receive,,領取,,,,
CampaignTowerMissonPopupClaimed,Received,,已領取,,,,
,,,,,,,
#CampaignTowerHeroSelectPopup,,,,,,,
CampaignTowerHeroSelectPopup_Title,Task dispatch,,任務派遣,,,,
CampaignTowerHeroSelectPopup_Reward,Mission rewards,,任務獎勵,,,,
CampaignTowerHeroSelectPopup_Member,Dispatch Star God,,派遣星神,,,,
CampaignTowerHeroSelectPopup_ExtraDesc,Star Gods who meet the following conditions can receive additional rewards,,星神滿足以下條件，可獲得額外獎勵,,,,
CampaignTowerHeroSelectPopup_Btn_AutoSend,One-click dispatch,,一鍵派遣,,,,
CampaignTowerHeroSelectPopup_Btn_Start,Departure,,出發,,,,
CampaignTowerHeroSelectPopup_HeroCountNotMeet,The number of dispatched star gods is insufficient and cannot be dispatched.,,派遣星神數量不足，無法派遣,,,,
CampaignTowerHeroSelectPopup_MeetRemindTitle,Hint,,提示,,,,
CampaignTowerHeroSelectPopup_MeetRemindContent,The currently dispatched Star God does not meet the bonus conditions and cannot receive bonus rewards. Do you want to confirm the dispatch?,,當前派遣星神不滿足加成條件，無法獲得加成獎勵，是否確認派遣？,,,,
,,,,,,,
#TowerMissionTitle,,,,,,,
TowerMissionTitle_1,Entrance to Hades (一),,冥府入口 (一),,,,
TowerMissionTitle_2,Swimming the River Styx to Death (一),,死遊冥河 (一),,,,
TowerMissionTitle_3,Stygian Ferryman (一),,冥河擺渡人 (一),,,,
TowerMissionTitle_4,Guidance of dead souls (一),,亡魂引導 (一),,,,
TowerMissionTitle_5,Lost gold coins (一),,遣失的金幣 (一),,,,
TowerMissionTitle_6,Salvage the River Styx (一),,打撈冥河 (一),,,,
TowerMissionTitle_7,Looking for Charon (一),,尋找卡戎 (一),,,,
TowerMissionTitle_8,Stygian Deathmatch (一),,冥河死鬥 (一),,,,
TowerMissionTitle_9,Carrying the Undead (一),,運載亡靈 (一),,,,
TowerMissionTitle_10,Evidence of the deceased (一),,死者之證 (一),,,,
TowerMissionTitle_11,Cerberus three-headed dog (一),,地獄三頭犬 (一),,,,
TowerMissionTitle_12,Tame monsters (一),,馴服魔獸 (一),,,,
TowerMissionTitle_13,Song of Orpheus (一),,俄耳甫斯之歌 (一),,,,
TowerMissionTitle_14,Looking for Hellfire (一),,尋找地獄火 (一),,,,
TowerMissionTitle_15,To please Cerberus (一),,討好刻耳柏洛斯 (一),,,,
TowerMissionTitle_16,Forge chains (一),,打造鐵鏈 (一),,,,
TowerMissionTitle_17,Twelve merits (一),,十二功績 (一),,,,
TowerMissionTitle_18,The Argonauts (一),,阿耳戈船英雄傳 (一),,,,
TowerMissionTitle_19,The plain source of memory (一),,記憶之平源 (一),,,,
TowerMissionTitle_20,The forgotten (一),,被遣忘者 (一),,,,
TowerMissionTitle_21,Soul Judgment (一),,靈魂審判 (一),,,,
TowerMissionTitle_22,Judge of Hades (一),,冥府法官 (一),,,,
TowerMissionTitle_23,The destination of the soul (一),,靈魂的去向 (一),,,,
TowerMissionTitle_24,Book of good and evil (一),,善與惡之書 (一),,,,
TowerMissionTitle_25,The cycle of goodness (一),,善之輪迴 (一),,,,
TowerMissionTitle_26,The cycle of evil (一),,惡之輪迴 (一),,,,
TowerMissionTitle_27,Underworld三判官 (一),,Underworld三判官 (一),,,,
TowerMissionTitle_28,Book of Minos (一),,米諾斯之書 (一),,,,
TowerMissionTitle_29,Monument of the Dead (一),,死者之碑 (一),,,,
TowerMissionTitle_30,Hell boulder (一),,地獄巨石 (一),,,,
TowerMissionTitle_31,Sin of sisyphus (一),,西西佛斯之罪 (一),,,,
TowerMissionTitle_32,Endless labor (一),,無止境的勞動 (一),,,,
TowerMissionTitle_33,Sins of Tandarus (一),,坦達羅斯之罪 (一),,,,
TowerMissionTitle_34,The punishment of eternal hunger and thirst (一),,永續饑渴之刑 (一),,,,
TowerMissionTitle_35,Across the wilderness of punishment (一),,橫越刑罰曠野 (一),,,,
TowerMissionTitle_36,Across the field of mourning (一),,橫越哀悼原野 (一),,,,
TowerMissionTitle_37,Cutting down a myrtle tree (一),,砍伐桃金孃樹 (一),,,,
TowerMissionTitle_38,Orpheus's Strings (一),,奧菲斯的琴弦 (一),,,,
TowerMissionTitle_39,Go to the Pure Land (一),,前往極樂淨土 (一),,,,
TowerMissionTitle_40,Blessed place (一),,神佑之地 (一),,,,
TowerMissionTitle_41,Garden of the gods (一),,眾神的庭園 (一),,,,
TowerMissionTitle_42,Visit Valhalla (一),,拜訪英靈神殿 (一),,,,
TowerMissionTitle_43,Ruler of paradise (一),,樂土的統治者 (一),,,,
TowerMissionTitle_44,Orpheus Secrets (一),,奧菲斯秘儀 (一),,,,
TowerMissionTitle_45,Through three layers of darkness (一),,穿越三層黑夜 (一),,,,
TowerMissionTitle_46,Letter to Persephone (一),,給Persephone的信 (一),,,,
TowerMissionTitle_47,Repair golden chariot (一),,維修黃金戰車 (一),,,,
TowerMissionTitle_48,Demeter's sigh (一),,狄密特的嘆息 (一),,,,
TowerMissionTitle_49,Entrance to Hades (二),,冥府入口 (二),,,,
TowerMissionTitle_50,Swimming the River Styx to Death (二),,死遊冥河 (二),,,,
TowerMissionTitle_51,Stygian Ferryman (二),,冥河擺渡人 (二),,,,
TowerMissionTitle_52,Guidance of dead souls (二),,亡魂引導 (二),,,,
TowerMissionTitle_53,Lost gold coins (二),,遣失的金幣 (二),,,,
TowerMissionTitle_54,Salvage the River Styx (二),,打撈冥河 (二),,,,
TowerMissionTitle_55,Looking for Charon (二),,尋找卡戎 (二),,,,
TowerMissionTitle_56,Stygian Deathmatch (二),,冥河死鬥 (二),,,,
TowerMissionTitle_57,Carrying the Undead (二),,運載亡靈 (二),,,,
TowerMissionTitle_58,Evidence of the deceased (二),,死者之證 (二),,,,
TowerMissionTitle_59,Cerberus three-headed dog (二),,地獄三頭犬 (二),,,,
TowerMissionTitle_60,Tame monsters (二),,馴服魔獸 (二),,,,
TowerMissionTitle_61,Song of Orpheus (二),,俄耳甫斯之歌 (二),,,,
TowerMissionTitle_62,Looking for Hellfire (二),,尋找地獄火 (二),,,,
TowerMissionTitle_63,To please Cerberus (二),,討好刻耳柏洛斯 (二),,,,
TowerMissionTitle_64,Forge chains (二),,打造鐵鏈 (二),,,,
TowerMissionTitle_65,Twelve merits (二),,十二功績 (二),,,,
TowerMissionTitle_66,The Argonauts (二),,阿耳戈船英雄傳 (二),,,,
TowerMissionTitle_67,The plain source of memory (二),,記憶之平源 (二),,,,
TowerMissionTitle_68,The forgotten (二),,被遣忘者 (二),,,,
TowerMissionTitle_69,Soul Judgment (二),,靈魂審判 (二),,,,
TowerMissionTitle_70,Judge of Hades (二),,冥府法官 (二),,,,
TowerMissionTitle_71,The destination of the soul (二),,靈魂的去向 (二),,,,
TowerMissionTitle_72,Book of good and evil (二),,善與惡之書 (二),,,,
TowerMissionTitle_73,The cycle of goodness (二),,善之輪迴 (二),,,,
TowerMissionTitle_74,The cycle of evil (二),,惡之輪迴 (二),,,,
TowerMissionTitle_75,Underworld三判官 (二),,Underworld三判官 (二),,,,
TowerMissionTitle_76,Book of Minos (二),,米諾斯之書 (二),,,,
TowerMissionTitle_77,Monument of the Dead (二),,死者之碑 (二),,,,
TowerMissionTitle_78,Hell boulder (二),,地獄巨石 (二),,,,
TowerMissionTitle_79,Sin of sisyphus (二),,西西佛斯之罪 (二),,,,
TowerMissionTitle_80,Endless labor (二),,無止境的勞動 (二),,,,
TowerMissionTitle_81,Sins of Tandarus (二),,坦達羅斯之罪 (二),,,,
TowerMissionTitle_82,The punishment of eternal hunger and thirst (二),,永續饑渴之刑 (二),,,,
TowerMissionTitle_83,Across the wilderness of punishment (二),,橫越刑罰曠野 (二),,,,
TowerMissionTitle_84,Across the field of mourning (二),,橫越哀悼原野 (二),,,,
TowerMissionTitle_85,Cutting down a myrtle tree (二),,砍伐桃金孃樹 (二),,,,
TowerMissionTitle_86,Orpheus's Strings (二),,奧菲斯的琴弦 (二),,,,
TowerMissionTitle_87,Go to the Pure Land (二),,前往極樂淨土 (二),,,,
TowerMissionTitle_88,Blessed place (二),,神佑之地 (二),,,,
TowerMissionTitle_89,Garden of the gods (二),,眾神的庭園 (二),,,,
TowerMissionTitle_90,Visit Valhalla (二),,拜訪英靈神殿 (二),,,,
TowerMissionTitle_91,Ruler of paradise (二),,樂土的統治者 (二),,,,
TowerMissionTitle_92,Orpheus Secrets (二),,奧菲斯秘儀 (二),,,,
TowerMissionTitle_93,Through three layers of darkness (二),,穿越三層黑夜 (二),,,,
TowerMissionTitle_94,Letter to Persephone (二),,給Persephone的信 (二),,,,
TowerMissionTitle_95,Repair golden chariot (二),,維修黃金戰車 (二),,,,
TowerMissionTitle_96,Demeter's sigh (二),,狄密特的嘆息 (二),,,,
TowerMissionTitle_97,Hades' Blessing (一),,冥王的祝福 (一),,,,
TowerMissionTitle_98,Book of hades (一),,哈迪斯之書 (一),,,,
TowerMissionTitle_99,Book of Persephone (一),,Persephone之書 (一),,,,
TowerMissionTitle_100,Book of Hecate (一),,赫卡忒之書 (一),,,,
TowerMissionTitle_101,Book of Erinyes (一),,厄里倪厄斯之書 (一),,,,
TowerMissionTitle_102,Book of Hermes (一),,Hermes之書 (一),,,,
TowerMissionTitle_103,Book of Thanatos (一),,塔納托斯之書 (一),,,,
TowerMissionTitle_104,Book of Hypnos (一),,修普諾斯之書 (一),,,,
TowerMissionTitle_105,Book of Nyx (一),,倪克斯之書 (一),,,,
TowerMissionTitle_106,Book of Ecolus (一),,艾柯呂斯之書 (一),,,,
TowerMissionTitle_107,Book of Styx (一),,斯堤克斯之書 (一),,,,
TowerMissionTitle_108,Book of Euronymus (一),,歐羅尼穆斯之書 (一),,,,
TowerMissionTitle_109,Entrance to Hades (三),,冥府入口 (三),,,,
TowerMissionTitle_110,Swimming the River Styx to Death (三),,死遊冥河 (三),,,,
TowerMissionTitle_111,Stygian Ferryman (三),,冥河擺渡人 (三),,,,
TowerMissionTitle_112,Guidance of dead souls (三),,亡魂引導 (三),,,,
TowerMissionTitle_113,Lost gold coins (三),,遣失的金幣 (三),,,,
TowerMissionTitle_114,Salvage the River Styx (三),,打撈冥河 (三),,,,
TowerMissionTitle_115,Looking for Charon (三),,尋找卡戎 (三),,,,
TowerMissionTitle_116,Stygian Deathmatch (三),,冥河死鬥 (三),,,,
TowerMissionTitle_117,Carrying the Undead (三),,運載亡靈 (三),,,,
TowerMissionTitle_118,Evidence of the deceased (三),,死者之證 (三),,,,
TowerMissionTitle_119,Cerberus three-headed dog (三),,地獄三頭犬 (三),,,,
TowerMissionTitle_120,Tame monsters (三),,馴服魔獸 (三),,,,
TowerMissionTitle_121,Song of Orpheus (三),,俄耳甫斯之歌 (三),,,,
TowerMissionTitle_122,Looking for Hellfire (三),,尋找地獄火 (三),,,,
TowerMissionTitle_123,To please Cerberus (三),,討好刻耳柏洛斯 (三),,,,
TowerMissionTitle_124,Forge chains (三),,打造鐵鏈 (三),,,,
TowerMissionTitle_125,Twelve merits (三),,十二功績 (三),,,,
TowerMissionTitle_126,The Argonauts (三),,阿耳戈船英雄傳 (三),,,,
TowerMissionTitle_127,The plain source of memory (三),,記憶之平源 (三),,,,
TowerMissionTitle_128,The forgotten (三),,被遣忘者 (三),,,,
TowerMissionTitle_129,Soul Judgment (三),,靈魂審判 (三),,,,
TowerMissionTitle_130,Judge of Hades (三),,冥府法官 (三),,,,
TowerMissionTitle_131,The destination of the soul (三),,靈魂的去向 (三),,,,
TowerMissionTitle_132,Book of good and evil (三),,善與惡之書 (三),,,,
TowerMissionTitle_133,The cycle of goodness (三),,善之輪迴 (三),,,,
TowerMissionTitle_134,The cycle of evil (三),,惡之輪迴 (三),,,,
TowerMissionTitle_135,Underworld三判官 (三),,Underworld三判官 (三),,,,
TowerMissionTitle_136,Book of Minos (三),,米諾斯之書 (三),,,,
TowerMissionTitle_137,Monument of the Dead (三),,死者之碑 (三),,,,
TowerMissionTitle_138,Hell boulder (三),,地獄巨石 (三),,,,
TowerMissionTitle_139,Sin of sisyphus (三),,西西佛斯之罪 (三),,,,
TowerMissionTitle_140,Endless labor (三),,無止境的勞動 (三),,,,
TowerMissionTitle_141,Sins of Tandarus (三),,坦達羅斯之罪 (三),,,,
TowerMissionTitle_142,The punishment of eternal hunger and thirst (三),,永續饑渴之刑 (三),,,,
TowerMissionTitle_143,Across the wilderness of punishment (三),,橫越刑罰曠野 (三),,,,
TowerMissionTitle_144,Across the field of mourning (三),,橫越哀悼原野 (三),,,,
TowerMissionTitle_145,Cutting down a myrtle tree (三),,砍伐桃金孃樹 (三),,,,
TowerMissionTitle_146,Orpheus's Strings (三),,奧菲斯的琴弦 (三),,,,
TowerMissionTitle_147,Go to the Pure Land (三),,前往極樂淨土 (三),,,,
TowerMissionTitle_148,Blessed place (三),,神佑之地 (三),,,,
TowerMissionTitle_149,Garden of the gods (三),,眾神的庭園 (三),,,,
TowerMissionTitle_150,Visit Valhalla (三),,拜訪英靈神殿 (三),,,,
TowerMissionTitle_151,Ruler of paradise (三),,樂土的統治者 (三),,,,
TowerMissionTitle_152,Orpheus Secrets (三),,奧菲斯秘儀 (三),,,,
TowerMissionTitle_153,Through three layers of darkness (三),,穿越三層黑夜 (三),,,,
TowerMissionTitle_154,Letter to Persephone (三),,給Persephone的信 (三),,,,
TowerMissionTitle_155,Repair golden chariot (三),,維修黃金戰車 (三),,,,
TowerMissionTitle_156,Demeter's sigh (三),,狄密特的嘆息 (三),,,,
TowerMissionTitle_157,Hades' Blessing (二),,冥王的祝福 (二),,,,
TowerMissionTitle_158,Book of hades (二),,哈迪斯之書 (二),,,,
TowerMissionTitle_159,Book of Persephone (二),,Persephone之書 (二),,,,
TowerMissionTitle_160,Book of Hecate (二),,赫卡忒之書 (二),,,,
TowerMissionTitle_161,Book of Erinyes (二),,厄里倪厄斯之書 (二),,,,
TowerMissionTitle_162,Book of Hermes (二),,Hermes之書 (二),,,,
TowerMissionTitle_163,Book of Thanatos (二),,塔納托斯之書 (二),,,,
TowerMissionTitle_164,Book of Hypnos (二),,修普諾斯之書 (二),,,,
TowerMissionTitle_165,Book of Nyx (二),,倪克斯之書 (二),,,,
TowerMissionTitle_166,Book of Ecolus (二),,艾柯呂斯之書 (二),,,,
TowerMissionTitle_167,Book of Styx (二),,斯堤克斯之書 (二),,,,
TowerMissionTitle_168,Book of Euronymus (二),,歐羅尼穆斯之書 (二),,,,
TowerMissionTitle_169,Entrance to Hades (四),,冥府入口 (四),,,,
TowerMissionTitle_170,Swimming the River Styx to Death (四),,死遊冥河 (四),,,,
TowerMissionTitle_171,Stygian Ferryman (四),,冥河擺渡人 (四),,,,
TowerMissionTitle_172,Guidance of dead souls (四),,亡魂引導 (四),,,,
TowerMissionTitle_173,Lost gold coins (四),,遣失的金幣 (四),,,,
TowerMissionTitle_174,Salvage the River Styx (四),,打撈冥河 (四),,,,
TowerMissionTitle_175,Looking for Charon (四),,尋找卡戎 (四),,,,
TowerMissionTitle_176,Stygian Deathmatch (四),,冥河死鬥 (四),,,,
TowerMissionTitle_177,Carrying the Undead (四),,運載亡靈 (四),,,,
TowerMissionTitle_178,Evidence of the deceased (四),,死者之證 (四),,,,
TowerMissionTitle_179,Cerberus three-headed dog (四),,地獄三頭犬 (四),,,,
TowerMissionTitle_180,Tame monsters (四),,馴服魔獸 (四),,,,
TowerMissionTitle_181,Song of Orpheus (四),,俄耳甫斯之歌 (四),,,,
TowerMissionTitle_182,Looking for Hellfire (四),,尋找地獄火 (四),,,,
TowerMissionTitle_183,To please Cerberus (四),,討好刻耳柏洛斯 (四),,,,
TowerMissionTitle_184,Forge chains (四),,打造鐵鏈 (四),,,,
TowerMissionTitle_185,Twelve merits (四),,十二功績 (四),,,,
TowerMissionTitle_186,The Argonauts (四),,阿耳戈船英雄傳 (四),,,,
TowerMissionTitle_187,The plain source of memory (四),,記憶之平源 (四),,,,
TowerMissionTitle_188,The forgotten (四),,被遣忘者 (四),,,,
TowerMissionTitle_189,Soul Judgment (四),,靈魂審判 (四),,,,
TowerMissionTitle_190,Judge of Hades (四),,冥府法官 (四),,,,
TowerMissionTitle_191,The destination of the soul (四),,靈魂的去向 (四),,,,
TowerMissionTitle_192,Book of good and evil (四),,善與惡之書 (四),,,,
TowerMissionTitle_193,The cycle of goodness (四),,善之輪迴 (四),,,,
TowerMissionTitle_194,The cycle of evil (四),,惡之輪迴 (四),,,,
TowerMissionTitle_195,Underworld三判官 (四),,Underworld三判官 (四),,,,
TowerMissionTitle_196,Book of Minos (四),,米諾斯之書 (四),,,,
TowerMissionTitle_197,Monument of the Dead (四),,死者之碑 (四),,,,
TowerMissionTitle_198,Hell boulder (四),,地獄巨石 (四),,,,
TowerMissionTitle_199,Sin of sisyphus (四),,西西佛斯之罪 (四),,,,
TowerMissionTitle_200,Endless labor (四),,無止境的勞動 (四),,,,
TowerMissionTitle_201,Sins of Tandarus (四),,坦達羅斯之罪 (四),,,,
TowerMissionTitle_202,The punishment of eternal hunger and thirst (四),,永續饑渴之刑 (四),,,,
TowerMissionTitle_203,Across the wilderness of punishment (四),,橫越刑罰曠野 (四),,,,
TowerMissionTitle_204,Across the field of mourning (四),,橫越哀悼原野 (四),,,,
TowerMissionTitle_205,Cutting down a myrtle tree (四),,砍伐桃金孃樹 (四),,,,
TowerMissionTitle_206,Orpheus's Strings (四),,奧菲斯的琴弦 (四),,,,
TowerMissionTitle_207,Go to the Pure Land (四),,前往極樂淨土 (四),,,,
TowerMissionTitle_208,Blessed place (四),,神佑之地 (四),,,,
TowerMissionTitle_209,Garden of the gods (四),,眾神的庭園 (四),,,,
TowerMissionTitle_210,Visit Valhalla (四),,拜訪英靈神殿 (四),,,,
TowerMissionTitle_211,Ruler of paradise (四),,樂土的統治者 (四),,,,
TowerMissionTitle_212,Orpheus Secrets (四),,奧菲斯秘儀 (四),,,,
TowerMissionTitle_213,Through three layers of darkness (四),,穿越三層黑夜 (四),,,,
TowerMissionTitle_214,Letter to Persephone (四),,給Persephone的信 (四),,,,
TowerMissionTitle_215,Repair golden chariot (四),,維修黃金戰車 (四),,,,
TowerMissionTitle_216,Demeter's sigh (四),,狄密特的嘆息 (四),,,,
TowerMissionTitle_217,Hades' Blessing (三),,冥王的祝福 (三),,,,
TowerMissionTitle_218,Book of hades (三),,哈迪斯之書 (三),,,,
TowerMissionTitle_219,Book of Persephone (三),,Persephone之書 (三),,,,
TowerMissionTitle_220,Book of Hecate (三),,赫卡忒之書 (三),,,,
TowerMissionTitle_221,Book of Erinyes (三),,厄里倪厄斯之書 (三),,,,
TowerMissionTitle_222,Book of Hermes (三),,Hermes之書 (三),,,,
TowerMissionTitle_223,Book of Thanatos (三),,塔納托斯之書 (三),,,,
TowerMissionTitle_224,Book of Hypnos (三),,修普諾斯之書 (三),,,,
TowerMissionTitle_225,Book of Nyx (三),,倪克斯之書 (三),,,,
TowerMissionTitle_226,Book of Ecolus (三),,艾柯呂斯之書 (三),,,,
TowerMissionTitle_227,Book of Styx (三),,斯堤克斯之書 (三),,,,
TowerMissionTitle_228,Book of Euronymus (三),,歐羅尼穆斯之書 (三),,,,
TowerMissionTitle_229,Entrance to Hades (五),,冥府入口 (五),,,,
TowerMissionTitle_230,Swimming the River Styx to Death (五),,死遊冥河 (五),,,,
TowerMissionTitle_231,Stygian Ferryman (五),,冥河擺渡人 (五),,,,
TowerMissionTitle_232,Guidance of dead souls (五),,亡魂引導 (五),,,,
TowerMissionTitle_233,Lost gold coins (五),,遣失的金幣 (五),,,,
TowerMissionTitle_234,Salvage the River Styx (五),,打撈冥河 (五),,,,
TowerMissionTitle_235,Looking for Charon (五),,尋找卡戎 (五),,,,
TowerMissionTitle_236,Stygian Deathmatch (五),,冥河死鬥 (五),,,,
TowerMissionTitle_237,Carrying the Undead (五),,運載亡靈 (五),,,,
TowerMissionTitle_238,Evidence of the deceased (五),,死者之證 (五),,,,
TowerMissionTitle_239,Cerberus three-headed dog (五),,地獄三頭犬 (五),,,,
TowerMissionTitle_240,Tame monsters (五),,馴服魔獸 (五),,,,
TowerMissionTitle_241,Song of Orpheus (五),,俄耳甫斯之歌 (五),,,,
TowerMissionTitle_242,Looking for Hellfire (五),,尋找地獄火 (五),,,,
TowerMissionTitle_243,To please Cerberus (五),,討好刻耳柏洛斯 (五),,,,
TowerMissionTitle_244,Forge chains (五),,打造鐵鏈 (五),,,,
TowerMissionTitle_245,Twelve merits (五),,十二功績 (五),,,,
TowerMissionTitle_246,The Argonauts (五),,阿耳戈船英雄傳 (五),,,,
TowerMissionTitle_247,The plain source of memory (五),,記憶之平源 (五),,,,
TowerMissionTitle_248,The forgotten (五),,被遣忘者 (五),,,,
TowerMissionTitle_249,Soul Judgment (五),,靈魂審判 (五),,,,
TowerMissionTitle_250,Judge of Hades (五),,冥府法官 (五),,,,
TowerMissionTitle_251,The destination of the soul (五),,靈魂的去向 (五),,,,
TowerMissionTitle_252,Book of good and evil (五),,善與惡之書 (五),,,,
TowerMissionTitle_253,The cycle of goodness (五),,善之輪迴 (五),,,,
TowerMissionTitle_254,The cycle of evil (五),,惡之輪迴 (五),,,,
TowerMissionTitle_255,Underworld三判官 (五),,Underworld三判官 (五),,,,
TowerMissionTitle_256,Book of Minos (五),,米諾斯之書 (五),,,,
TowerMissionTitle_257,Monument of the Dead (五),,死者之碑 (五),,,,
TowerMissionTitle_258,Hell boulder (五),,地獄巨石 (五),,,,
TowerMissionTitle_259,Sin of sisyphus (五),,西西佛斯之罪 (五),,,,
TowerMissionTitle_260,Endless labor (五),,無止境的勞動 (五),,,,
TowerMissionTitle_261,Sins of Tandarus (五),,坦達羅斯之罪 (五),,,,
TowerMissionTitle_262,The punishment of eternal hunger and thirst (五),,永續饑渴之刑 (五),,,,
TowerMissionTitle_263,Across the wilderness of punishment (五),,橫越刑罰曠野 (五),,,,
TowerMissionTitle_264,Across the field of mourning (五),,橫越哀悼原野 (五),,,,
TowerMissionTitle_265,Cutting down a myrtle tree (五),,砍伐桃金孃樹 (五),,,,
TowerMissionTitle_266,Orpheus's Strings (五),,奧菲斯的琴弦 (五),,,,
TowerMissionTitle_267,Go to the Pure Land (五),,前往極樂淨土 (五),,,,
TowerMissionTitle_268,Blessed place (五),,神佑之地 (五),,,,
TowerMissionTitle_269,Garden of the gods (五),,眾神的庭園 (五),,,,
TowerMissionTitle_270,Visit Valhalla (五),,拜訪英靈神殿 (五),,,,
TowerMissionTitle_271,Ruler of paradise (五),,樂土的統治者 (五),,,,
TowerMissionTitle_272,Orpheus Secrets (五),,奧菲斯秘儀 (五),,,,
TowerMissionTitle_273,Through three layers of darkness (五),,穿越三層黑夜 (五),,,,
TowerMissionTitle_274,Letter to Persephone (五),,給Persephone的信 (五),,,,
TowerMissionTitle_275,Repair golden chariot (五),,維修黃金戰車 (五),,,,
TowerMissionTitle_276,Demeter's sigh (五),,狄密特的嘆息 (五),,,,
TowerMissionTitle_277,Hades' Blessing (四),,冥王的祝福 (四),,,,
TowerMissionTitle_278,Book of hades (四),,哈迪斯之書 (四),,,,
TowerMissionTitle_279,Book of Persephone (四),,Persephone之書 (四),,,,
TowerMissionTitle_280,Book of Hecate (四),,赫卡忒之書 (四),,,,
TowerMissionTitle_281,Book of Erinyes (四),,厄里倪厄斯之書 (四),,,,
TowerMissionTitle_282,Book of Hermes (四),,Hermes之書 (四),,,,
TowerMissionTitle_283,Book of Thanatos (四),,塔納托斯之書 (四),,,,
TowerMissionTitle_284,Book of Hypnos (四),,修普諾斯之書 (四),,,,
TowerMissionTitle_285,Book of Nyx (四),,倪克斯之書 (四),,,,
TowerMissionTitle_286,Book of Ecolus (四),,艾柯呂斯之書 (四),,,,
TowerMissionTitle_287,Book of Styx (四),,斯堤克斯之書 (四),,,,
TowerMissionTitle_288,Book of Euronymus (四),,歐羅尼穆斯之書 (四),,,,
TowerMissionTitle_289,Entrance to Hades (六),,冥府入口 (六),,,,
TowerMissionTitle_290,Swimming the River Styx to Death (六),,死遊冥河 (六),,,,
TowerMissionTitle_291,Stygian Ferryman (六),,冥河擺渡人 (六),,,,
TowerMissionTitle_292,Guidance of dead souls (六),,亡魂引導 (六),,,,
TowerMissionTitle_293,Lost gold coins (六),,遣失的金幣 (六),,,,
TowerMissionTitle_294,Salvage the River Styx (六),,打撈冥河 (六),,,,
TowerMissionTitle_295,Looking for Charon (六),,尋找卡戎 (六),,,,
TowerMissionTitle_296,Stygian Deathmatch (六),,冥河死鬥 (六),,,,
TowerMissionTitle_297,Carrying the Undead (六),,運載亡靈 (六),,,,
TowerMissionTitle_298,Evidence of the deceased (六),,死者之證 (六),,,,
TowerMissionTitle_299,Cerberus three-headed dog (六),,地獄三頭犬 (六),,,,
TowerMissionTitle_300,Tame monsters (六),,馴服魔獸 (六),,,,
TowerMissionTitle_301,Song of Orpheus (六),,俄耳甫斯之歌 (六),,,,
TowerMissionTitle_302,Looking for Hellfire (六),,尋找地獄火 (六),,,,
TowerMissionTitle_303,To please Cerberus (六),,討好刻耳柏洛斯 (六),,,,
TowerMissionTitle_304,Forge chains (六),,打造鐵鏈 (六),,,,
TowerMissionTitle_305,Twelve merits (六),,十二功績 (六),,,,
TowerMissionTitle_306,The Argonauts (六),,阿耳戈船英雄傳 (六),,,,
TowerMissionTitle_307,The plain source of memory (六),,記憶之平源 (六),,,,
TowerMissionTitle_308,The forgotten (六),,被遣忘者 (六),,,,
TowerMissionTitle_309,Soul Judgment (六),,靈魂審判 (六),,,,
TowerMissionTitle_310,Judge of Hades (六),,冥府法官 (六),,,,
TowerMissionTitle_311,The destination of the soul (六),,靈魂的去向 (六),,,,
TowerMissionTitle_312,Book of good and evil (六),,善與惡之書 (六),,,,
TowerMissionTitle_313,The cycle of goodness (六),,善之輪迴 (六),,,,
TowerMissionTitle_314,The cycle of evil (六),,惡之輪迴 (六),,,,
TowerMissionTitle_315,Underworld三判官 (六),,Underworld三判官 (六),,,,
TowerMissionTitle_316,Book of Minos (六),,米諾斯之書 (六),,,,
TowerMissionTitle_317,Monument of the Dead (六),,死者之碑 (六),,,,
TowerMissionTitle_318,Hell boulder (六),,地獄巨石 (六),,,,
TowerMissionTitle_319,Sin of sisyphus (六),,西西佛斯之罪 (六),,,,
TowerMissionTitle_320,Endless labor (六),,無止境的勞動 (六),,,,
TowerMissionTitle_321,Sins of Tandarus (六),,坦達羅斯之罪 (六),,,,
TowerMissionTitle_322,The punishment of eternal hunger and thirst (六),,永續饑渴之刑 (六),,,,
TowerMissionTitle_323,Across the wilderness of punishment (六),,橫越刑罰曠野 (六),,,,
TowerMissionTitle_324,Across the field of mourning (六),,橫越哀悼原野 (六),,,,
TowerMissionTitle_325,Cutting down a myrtle tree (六),,砍伐桃金孃樹 (六),,,,
TowerMissionTitle_326,Orpheus's Strings (六),,奧菲斯的琴弦 (六),,,,
TowerMissionTitle_327,Go to the Pure Land (六),,前往極樂淨土 (六),,,,
TowerMissionTitle_328,Blessed place (六),,神佑之地 (六),,,,
TowerMissionTitle_329,Garden of the gods (六),,眾神的庭園 (六),,,,
TowerMissionTitle_330,Visit Valhalla (六),,拜訪英靈神殿 (六),,,,
TowerMissionTitle_331,Ruler of paradise (六),,樂土的統治者 (六),,,,
TowerMissionTitle_332,Orpheus Secrets (六),,奧菲斯秘儀 (六),,,,
TowerMissionTitle_333,Through three layers of darkness (六),,穿越三層黑夜 (六),,,,
TowerMissionTitle_334,Letter to Persephone (六),,給Persephone的信 (六),,,,
TowerMissionTitle_335,Repair golden chariot (六),,維修黃金戰車 (六),,,,
TowerMissionTitle_336,Demeter's sigh (六),,狄密特的嘆息 (六),,,,
TowerMissionTitle_337,Hades' Blessing (五),,冥王的祝福 (五),,,,
TowerMissionTitle_338,Book of hades (五),,哈迪斯之書 (五),,,,
TowerMissionTitle_339,Book of Persephone (五),,Persephone之書 (五),,,,
TowerMissionTitle_340,Book of Hecate (五),,赫卡忒之書 (五),,,,
TowerMissionTitle_341,Book of Erinyes (五),,厄里倪厄斯之書 (五),,,,
TowerMissionTitle_342,Book of Hermes (五),,Hermes之書 (五),,,,
TowerMissionTitle_343,Book of Thanatos (五),,塔納托斯之書 (五),,,,
TowerMissionTitle_344,Book of Hypnos (五),,修普諾斯之書 (五),,,,
TowerMissionTitle_345,Book of Nyx (五),,倪克斯之書 (五),,,,
TowerMissionTitle_346,Book of Ecolus (五),,艾柯呂斯之書 (五),,,,
TowerMissionTitle_347,Book of Styx (五),,斯堤克斯之書 (五),,,,
TowerMissionTitle_348,Book of Euronymus (五),,歐羅尼穆斯之書 (五),,,,
TowerMissionTitle_349,Entrance to Hades (七),,冥府入口 (七),,,,
TowerMissionTitle_350,Swimming the River Styx to Death (七),,死遊冥河 (七),,,,
TowerMissionTitle_351,Stygian Ferryman (七),,冥河擺渡人 (七),,,,
TowerMissionTitle_352,Guidance of dead souls (七),,亡魂引導 (七),,,,
TowerMissionTitle_353,Lost gold coins (七),,遣失的金幣 (七),,,,
TowerMissionTitle_354,Salvage the River Styx (七),,打撈冥河 (七),,,,
TowerMissionTitle_355,Looking for Charon (七),,尋找卡戎 (七),,,,
TowerMissionTitle_356,Stygian Deathmatch (七),,冥河死鬥 (七),,,,
TowerMissionTitle_357,Carrying the Undead (七),,運載亡靈 (七),,,,
TowerMissionTitle_358,Evidence of the deceased (七),,死者之證 (七),,,,
TowerMissionTitle_359,Cerberus three-headed dog (七),,地獄三頭犬 (七),,,,
TowerMissionTitle_360,Tame monsters (七),,馴服魔獸 (七),,,,
TowerMissionTitle_361,Song of Orpheus (七),,俄耳甫斯之歌 (七),,,,
TowerMissionTitle_362,Looking for Hellfire (七),,尋找地獄火 (七),,,,
TowerMissionTitle_363,To please Cerberus (七),,討好刻耳柏洛斯 (七),,,,
TowerMissionTitle_364,Forge chains (七),,打造鐵鏈 (七),,,,
TowerMissionTitle_365,Twelve merits (七),,十二功績 (七),,,,
TowerMissionTitle_366,The Argonauts (七),,阿耳戈船英雄傳 (七),,,,
TowerMissionTitle_367,The plain source of memory (七),,記憶之平源 (七),,,,
TowerMissionTitle_368,The forgotten (七),,被遣忘者 (七),,,,
TowerMissionTitle_369,Soul Judgment (七),,靈魂審判 (七),,,,
TowerMissionTitle_370,Judge of Hades (七),,冥府法官 (七),,,,
TowerMissionTitle_371,The destination of the soul (七),,靈魂的去向 (七),,,,
TowerMissionTitle_372,Book of good and evil (七),,善與惡之書 (七),,,,
TowerMissionTitle_373,The cycle of goodness (七),,善之輪迴 (七),,,,
TowerMissionTitle_374,The cycle of evil (七),,惡之輪迴 (七),,,,
TowerMissionTitle_375,Underworld三判官 (七),,Underworld三判官 (七),,,,
TowerMissionTitle_376,Book of Minos (七),,米諾斯之書 (七),,,,
TowerMissionTitle_377,Monument of the Dead (七),,死者之碑 (七),,,,
TowerMissionTitle_378,Hell boulder (七),,地獄巨石 (七),,,,
TowerMissionTitle_379,Sin of sisyphus (七),,西西佛斯之罪 (七),,,,
TowerMissionTitle_380,Endless labor (七),,無止境的勞動 (七),,,,
TowerMissionTitle_381,Sins of Tandarus (七),,坦達羅斯之罪 (七),,,,
TowerMissionTitle_382,The punishment of eternal hunger and thirst (七),,永續饑渴之刑 (七),,,,
TowerMissionTitle_383,Across the wilderness of punishment (七),,橫越刑罰曠野 (七),,,,
TowerMissionTitle_384,Across the field of mourning (七),,橫越哀悼原野 (七),,,,
TowerMissionTitle_385,Cutting down a myrtle tree (七),,砍伐桃金孃樹 (七),,,,
TowerMissionTitle_386,Orpheus's Strings (七),,奧菲斯的琴弦 (七),,,,
TowerMissionTitle_387,Go to the Pure Land (七),,前往極樂淨土 (七),,,,
TowerMissionTitle_388,Blessed place (七),,神佑之地 (七),,,,
TowerMissionTitle_389,Garden of the gods (七),,眾神的庭園 (七),,,,
TowerMissionTitle_390,Visit Valhalla (七),,拜訪英靈神殿 (七),,,,
TowerMissionTitle_391,Ruler of paradise (七),,樂土的統治者 (七),,,,
TowerMissionTitle_392,Orpheus Secrets (七),,奧菲斯秘儀 (七),,,,
TowerMissionTitle_393,Through three layers of darkness (七),,穿越三層黑夜 (七),,,,
TowerMissionTitle_394,Letter to Persephone (七),,給Persephone的信 (七),,,,
TowerMissionTitle_395,Repair golden chariot (七),,維修黃金戰車 (七),,,,
TowerMissionTitle_396,Demeter's sigh (七),,狄密特的嘆息 (七),,,,
TowerMissionTitle_397,Hades' Blessing (六),,冥王的祝福 (六),,,,
TowerMissionTitle_398,Book of hades (六),,哈迪斯之書 (六),,,,
TowerMissionTitle_399,Book of Persephone (六),,Persephone之書 (六),,,,
TowerMissionTitle_400,Book of Hecate (六),,赫卡忒之書 (六),,,,
TowerMissionTitle_401,Book of Erinyes (六),,厄里倪厄斯之書 (六),,,,
TowerMissionTitle_402,Book of Hermes (六),,Hermes之書 (六),,,,
TowerMissionTitle_403,Book of Thanatos (六),,塔納托斯之書 (六),,,,
TowerMissionTitle_404,Book of Hypnos (六),,修普諾斯之書 (六),,,,
TowerMissionTitle_405,Book of Nyx (六),,倪克斯之書 (六),,,,
TowerMissionTitle_406,Book of Ecolus (六),,艾柯呂斯之書 (六),,,,
TowerMissionTitle_407,Book of Styx (六),,斯堤克斯之書 (六),,,,
TowerMissionTitle_408,Book of Euronymus (六),,歐羅尼穆斯之書 (六),,,,
TowerMissionTitle_409,Entrance to Hades (八),,冥府入口 (八),,,,
TowerMissionTitle_410,Swimming the River Styx to Death (八),,死遊冥河 (八),,,,
TowerMissionTitle_411,Stygian Ferryman (八),,冥河擺渡人 (八),,,,
TowerMissionTitle_412,Guidance of dead souls (八),,亡魂引導 (八),,,,
TowerMissionTitle_413,Lost gold coins (八),,遣失的金幣 (八),,,,
TowerMissionTitle_414,Salvage the River Styx (八),,打撈冥河 (八),,,,
TowerMissionTitle_415,Looking for Charon (八),,尋找卡戎 (八),,,,
TowerMissionTitle_416,Stygian Deathmatch (八),,冥河死鬥 (八),,,,
TowerMissionTitle_417,Carrying the Undead (八),,運載亡靈 (八),,,,
TowerMissionTitle_418,Evidence of the deceased (八),,死者之證 (八),,,,
TowerMissionTitle_419,Cerberus three-headed dog (八),,地獄三頭犬 (八),,,,
TowerMissionTitle_420,Tame monsters (八),,馴服魔獸 (八),,,,
TowerMissionTitle_421,Song of Orpheus (八),,俄耳甫斯之歌 (八),,,,
TowerMissionTitle_422,Looking for Hellfire (八),,尋找地獄火 (八),,,,
TowerMissionTitle_423,To please Cerberus (八),,討好刻耳柏洛斯 (八),,,,
TowerMissionTitle_424,Forge chains (八),,打造鐵鏈 (八),,,,
TowerMissionTitle_425,Twelve merits (八),,十二功績 (八),,,,
TowerMissionTitle_426,The Argonauts (八),,阿耳戈船英雄傳 (八),,,,
TowerMissionTitle_427,The plain source of memory (八),,記憶之平源 (八),,,,
TowerMissionTitle_428,The forgotten (八),,被遣忘者 (八),,,,
TowerMissionTitle_429,Soul Judgment (八),,靈魂審判 (八),,,,
TowerMissionTitle_430,Judge of Hades (八),,冥府法官 (八),,,,
TowerMissionTitle_431,The destination of the soul (八),,靈魂的去向 (八),,,,
TowerMissionTitle_432,Book of good and evil (八),,善與惡之書 (八),,,,
TowerMissionTitle_433,The cycle of goodness (八),,善之輪迴 (八),,,,
TowerMissionTitle_434,The cycle of evil (八),,惡之輪迴 (八),,,,
TowerMissionTitle_435,Underworld三判官 (八),,Underworld三判官 (八),,,,
TowerMissionTitle_436,Book of Minos (八),,米諾斯之書 (八),,,,
TowerMissionTitle_437,Monument of the Dead (八),,死者之碑 (八),,,,
TowerMissionTitle_438,Hell boulder (八),,地獄巨石 (八),,,,
TowerMissionTitle_439,Sin of sisyphus (八),,西西佛斯之罪 (八),,,,
TowerMissionTitle_440,Endless labor (八),,無止境的勞動 (八),,,,
TowerMissionTitle_441,Sins of Tandarus (八),,坦達羅斯之罪 (八),,,,
TowerMissionTitle_442,The punishment of eternal hunger and thirst (八),,永續饑渴之刑 (八),,,,
TowerMissionTitle_443,Across the wilderness of punishment (八),,橫越刑罰曠野 (八),,,,
TowerMissionTitle_444,Across the field of mourning (八),,橫越哀悼原野 (八),,,,
TowerMissionTitle_445,Cutting down a myrtle tree (八),,砍伐桃金孃樹 (八),,,,
TowerMissionTitle_446,Orpheus's Strings (八),,奧菲斯的琴弦 (八),,,,
TowerMissionTitle_447,Go to the Pure Land (八),,前往極樂淨土 (八),,,,
TowerMissionTitle_448,Blessed place (八),,神佑之地 (八),,,,
TowerMissionTitle_449,Garden of the gods (八),,眾神的庭園 (八),,,,
TowerMissionTitle_450,Visit Valhalla (八),,拜訪英靈神殿 (八),,,,
TowerMissionTitle_451,Ruler of paradise (八),,樂土的統治者 (八),,,,
TowerMissionTitle_452,Orpheus Secrets (八),,奧菲斯秘儀 (八),,,,
TowerMissionTitle_453,Through three layers of darkness (八),,穿越三層黑夜 (八),,,,
TowerMissionTitle_454,Letter to Persephone (八),,給Persephone的信 (八),,,,
TowerMissionTitle_455,Repair golden chariot (八),,維修黃金戰車 (八),,,,
TowerMissionTitle_456,Demeter's sigh (八),,狄密特的嘆息 (八),,,,
TowerMissionTitle_457,Hades' Blessing (七),,冥王的祝福 (七),,,,
TowerMissionTitle_458,Book of hades (七),,哈迪斯之書 (七),,,,
TowerMissionTitle_459,Book of Persephone (七),,Persephone之書 (七),,,,
TowerMissionTitle_460,Book of Hecate (七),,赫卡忒之書 (七),,,,
TowerMissionTitle_461,Book of Erinyes (七),,厄里倪厄斯之書 (七),,,,
TowerMissionTitle_462,Book of Hermes (七),,Hermes之書 (七),,,,
TowerMissionTitle_463,Book of Thanatos (七),,塔納托斯之書 (七),,,,
TowerMissionTitle_464,Book of Hypnos (七),,修普諾斯之書 (七),,,,
TowerMissionTitle_465,Book of Nyx (七),,倪克斯之書 (七),,,,
TowerMissionTitle_466,Book of Ecolus (七),,艾柯呂斯之書 (七),,,,
TowerMissionTitle_467,Book of Styx (七),,斯堤克斯之書 (七),,,,
TowerMissionTitle_468,Book of Euronymus (七),,歐羅尼穆斯之書 (七),,,,
TowerMissionTitle_469,Entrance to Hades (九),,冥府入口 (九),,,,
TowerMissionTitle_470,Swimming the River Styx to Death (九),,死遊冥河 (九),,,,
TowerMissionTitle_471,Stygian Ferryman (九),,冥河擺渡人 (九),,,,
TowerMissionTitle_472,Guidance of dead souls (九),,亡魂引導 (九),,,,
TowerMissionTitle_473,Lost gold coins (九),,遣失的金幣 (九),,,,
TowerMissionTitle_474,Salvage the River Styx (九),,打撈冥河 (九),,,,
TowerMissionTitle_475,Looking for Charon (九),,尋找卡戎 (九),,,,
TowerMissionTitle_476,Stygian Deathmatch (九),,冥河死鬥 (九),,,,
TowerMissionTitle_477,Carrying the Undead (九),,運載亡靈 (九),,,,
TowerMissionTitle_478,Evidence of the deceased (九),,死者之證 (九),,,,
TowerMissionTitle_479,Cerberus three-headed dog (九),,地獄三頭犬 (九),,,,
TowerMissionTitle_480,Tame monsters (九),,馴服魔獸 (九),,,,
TowerMissionTitle_481,Song of Orpheus (九),,俄耳甫斯之歌 (九),,,,
TowerMissionTitle_482,Looking for Hellfire (九),,尋找地獄火 (九),,,,
TowerMissionTitle_483,To please Cerberus (九),,討好刻耳柏洛斯 (九),,,,
TowerMissionTitle_484,Forge chains (九),,打造鐵鏈 (九),,,,
TowerMissionTitle_485,Twelve merits (九),,十二功績 (九),,,,
TowerMissionTitle_486,The Argonauts (九),,阿耳戈船英雄傳 (九),,,,
TowerMissionTitle_487,The plain source of memory (九),,記憶之平源 (九),,,,
TowerMissionTitle_488,The forgotten (九),,被遣忘者 (九),,,,
TowerMissionTitle_489,Soul Judgment (九),,靈魂審判 (九),,,,
TowerMissionTitle_490,Judge of Hades (九),,冥府法官 (九),,,,
TowerMissionTitle_491,The destination of the soul (九),,靈魂的去向 (九),,,,
TowerMissionTitle_492,Book of good and evil (九),,善與惡之書 (九),,,,
TowerMissionTitle_493,The cycle of goodness (九),,善之輪迴 (九),,,,
TowerMissionTitle_494,The cycle of evil (九),,惡之輪迴 (九),,,,
TowerMissionTitle_495,Underworld三判官 (九),,Underworld三判官 (九),,,,
TowerMissionTitle_496,Book of Minos (九),,米諾斯之書 (九),,,,
TowerMissionTitle_497,Monument of the Dead (九),,死者之碑 (九),,,,
TowerMissionTitle_498,Hell boulder (九),,地獄巨石 (九),,,,
TowerMissionTitle_499,Sin of sisyphus (九),,西西佛斯之罪 (九),,,,
TowerMissionTitle_500,Endless labor (九),,無止境的勞動 (九),,,,
TowerMissionTitle_501,Sins of Tandarus (九),,坦達羅斯之罪 (九),,,,
TowerMissionTitle_502,The punishment of eternal hunger and thirst (九),,永續饑渴之刑 (九),,,,
TowerMissionTitle_503,Across the wilderness of punishment (九),,橫越刑罰曠野 (九),,,,
TowerMissionTitle_504,Across the field of mourning (九),,橫越哀悼原野 (九),,,,
TowerMissionTitle_505,Cutting down a myrtle tree (九),,砍伐桃金孃樹 (九),,,,
TowerMissionTitle_506,Orpheus's Strings (九),,奧菲斯的琴弦 (九),,,,
TowerMissionTitle_507,Go to the Pure Land (九),,前往極樂淨土 (九),,,,
TowerMissionTitle_508,Blessed place (九),,神佑之地 (九),,,,
TowerMissionTitle_509,Garden of the gods (九),,眾神的庭園 (九),,,,
TowerMissionTitle_510,Visit Valhalla (九),,拜訪英靈神殿 (九),,,,
TowerMissionTitle_511,Ruler of paradise (九),,樂土的統治者 (九),,,,
TowerMissionTitle_512,Orpheus Secrets (九),,奧菲斯秘儀 (九),,,,
TowerMissionTitle_513,Through three layers of darkness (九),,穿越三層黑夜 (九),,,,
TowerMissionTitle_514,Letter to Persephone (九),,給Persephone的信 (九),,,,
TowerMissionTitle_515,Repair golden chariot (九),,維修黃金戰車 (九),,,,
TowerMissionTitle_516,Demeter's sigh (九),,狄密特的嘆息 (九),,,,
TowerMissionTitle_517,Hades' Blessing (八),,冥王的祝福 (八),,,,
TowerMissionTitle_518,Book of hades (八),,哈迪斯之書 (八),,,,
TowerMissionTitle_519,Book of Persephone (八),,Persephone之書 (八),,,,
TowerMissionTitle_520,Book of Hecate (八),,赫卡忒之書 (八),,,,
TowerMissionTitle_521,Book of Erinyes (八),,厄里倪厄斯之書 (八),,,,
TowerMissionTitle_522,Book of Hermes (八),,Hermes之書 (八),,,,
TowerMissionTitle_523,Book of Thanatos (八),,塔納托斯之書 (八),,,,
TowerMissionTitle_524,Book of Hypnos (八),,修普諾斯之書 (八),,,,
TowerMissionTitle_525,Book of Nyx (八),,倪克斯之書 (八),,,,
TowerMissionTitle_526,Book of Ecolus (八),,艾柯呂斯之書 (八),,,,
TowerMissionTitle_527,Book of Styx (八),,斯堤克斯之書 (八),,,,
TowerMissionTitle_528,Book of Euronymus (八),,歐羅尼穆斯之書 (八),,,,
,,,,,,,